#pragma once

#include <stdint.h>

/**
 * @brief CPU firmware version array {reserved, patch, minor, major}
 */
const uint8_t fw_CPU_ver[4] = {0, 0, 2, 2};

/**
 * @brief CPU firmware version fw_v2.2.0.hex32_signed_chunks.bin for bootloader v1.0.1
 */
const uint8_t fw_CPU[] = {
    0x68, 0xf4, 0xd2, 0xa8, 0x43, 0x3d, 0xdf, 0xd5, 0xda, 0xdf, 0x03, 0x94, 0xfa, 0xed, 0x8a, 0x99,
    0x80, 0x1a, 0x16, 0xcb, 0x46, 0xb4, 0xb0, 0xb4, 0x47, 0xc6, 0x67, 0x81, 0xef, 0x4f, 0xac, 0x1d,
    0xfa, 0xc5, 0xce, 0x73, 0xdc, 0x3f, 0x8c, 0x57, 0xf6, 0xc6, 0x40, 0x3e, 0xd8, 0x6c, 0x1b, 0xe0,
    0xc1, 0xbc, 0xc0, 0x80, 0x56, 0xe8, 0xbd, 0x40, 0x20, 0x23, 0xe2, 0x0e, 0x5e, 0x56, 0x23, 0x09,
    0x0b, 0x35, 0x3d, 0x30, 0x11, 0xb3, 0x2e, 0x68, 0x8a, 0xca, 0x51, 0xd7, 0xf9, 0x87, 0x62, 0xb6,
    0xd5, 0x03, 0x85, 0xa4, 0x3d, 0x48, 0x10, 0xd9, 0x49, 0x8e, 0x9f, 0xa3, 0x9e, 0x16, 0x91, 0xa1,
    0xd8, 0x01, 0x00, 0x00, 0x01, 0x00, 0x00, 0x02, 0x02, 0x62, 0xab, 0x09, 0x79, 0x78, 0x3b, 0x9a,
    0x99, 0xd7, 0x6e, 0x66, 0xa8, 0xd4, 0xe3, 0xcf, 0xf4, 0x94, 0x52, 0xe4, 0x99, 0x7c, 0xd2, 0x3d,
    0x3b, 0xb7, 0x9c, 0xf5, 0x1d, 0xf6, 0xdb, 0xe5, 0x8d, 0x62, 0x00, 0x00, 0x81, 0x3c, 0x2b, 0x76,
    0xb6, 0x02, 0xba, 0x9d, 0x53, 0x80, 0x55, 0x13, 0xa5, 0xc3, 0x20, 0x9e, 0x63, 0x43, 0x41, 0x86,
    0x84, 0xcd, 0x79, 0x95, 0xf3, 0x34, 0x9d, 0x3b, 0x63, 0xab, 0xeb, 0xef, 0x6a, 0xc5, 0xf6, 0x64,
    0x92, 0x1a, 0x6a, 0xf2, 0x92, 0x77, 0x24, 0xb3, 0x1f, 0xe4, 0x7a, 0x91, 0x42, 0xc0, 0x67, 0x55,
    0x70, 0xd2, 0x83, 0x01, 0xa1, 0xbf, 0xa1, 0x71, 0x5b, 0xf7, 0x24, 0x02, 0xfa, 0xf5, 0x53, 0xfb,
    0x6b, 0x58, 0x82, 0x35, 0xa5, 0x49, 0x34, 0xe6, 0xee, 0x2a, 0x6a, 0x64, 0xa8, 0x01, 0x4c, 0x69,
    0x36, 0x6a, 0x67, 0xaa, 0xbf, 0x28, 0xb3, 0x06, 0x97, 0x7b, 0xae, 0x29, 0x4b, 0x00, 0x04, 0x6f,
    0x10, 0xa0, 0x78, 0x6f, 0x10, 0xc0, 0x72, 0x6f, 0x10, 0x80, 0x72, 0x6f, 0x10, 0x40, 0x72, 0x6f,
    0x10, 0x00, 0x72, 0x6f, 0x10, 0xc0, 0x71, 0x6f, 0x10, 0x80, 0x71, 0x6f, 0x40, 0x10, 0x4b, 0x6f,
    0x10, 0x00, 0x71, 0x6f, 0x10, 0xc0, 0x70, 0x6f, 0x10, 0x80, 0x70, 0x6f, 0x00, 0xb0, 0x11, 0x6f,
    0x10, 0x00, 0x70, 0x6f, 0x10, 0xc0, 0x6f, 0x6f, 0x10, 0x80, 0x6f, 0x6f, 0x10, 0x40, 0x6f, 0x6f,
    0x40, 0x10, 0x3c, 0x6f, 0x10, 0xa0, 0x5d, 0x6f, 0x10, 0x80, 0x7d, 0x6f, 0x20, 0xb0, 0x3e, 0x6f,
    0x20, 0x70, 0x3e, 0x6f, 0x20, 0x30, 0x3e, 0x6f, 0x00, 0xf0, 0x09, 0x6f, 0x00, 0xf0, 0x0a, 0x6f,
    0x40, 0x50, 0x6f, 0x6f, 0x40, 0xd0, 0x34, 0x6f, 0x00, 0x70, 0x0b, 0x6f, 0x00, 0x10, 0x04, 0x6f,
    0x10, 0x70, 0x02, 0x6f, 0x00, 0xf0, 0x0b, 0x6f, 0x20, 0x10, 0x31, 0x6f, 0x10, 0xa0, 0x74, 0x73,
    0x70, 0x04, 0x30, 0x73, 0x10, 0x40, 0x30, 0x93, 0x00, 0x00, 0x00, 0x13, 0x01, 0x00, 0x00, 0x93,
    0x01, 0x00, 0x00, 0x13, 0x02, 0x00, 0x00, 0x93, 0x02, 0x00, 0x00, 0x13, 0x03, 0x00, 0x00, 0x93,
    0x03, 0x00, 0x00, 0x13, 0x04, 0x00, 0x00, 0x93, 0x04, 0x00, 0x00, 0x13, 0x05, 0x00, 0x00, 0x93,
    0x05, 0x00, 0x00, 0x13, 0x06, 0x00, 0x00, 0x93, 0x06, 0x00, 0x00, 0x13, 0x07, 0x00, 0x00, 0x93,
    0x07, 0x00, 0x00, 0x13, 0x08, 0x00, 0x00, 0x93, 0x08, 0x00, 0x00, 0x13, 0x09, 0x00, 0x00, 0x93,
    0x09, 0x00, 0x00, 0x13, 0x0a, 0x00, 0x00, 0xfa, 0x8e, 0xc9, 0xab, 0x02, 0x23, 0xe4, 0x1b, 0xb2,
    0xb5, 0xd7, 0x03, 0xa2, 0xa1, 0x48, 0xb6, 0x3c, 0x09, 0xd9, 0xad, 0x11, 0xef, 0xb4, 0xc3, 0x01,
    0x88, 0x43, 0xd0, 0xee, 0x27, 0x52, 0xeb, 0xa2, 0xd8, 0x04, 0x93, 0x0a, 0x00, 0x00, 0x13, 0x0b,
    0x00, 0x00, 0x93, 0x0b, 0x00, 0x00, 0x13, 0x0c, 0x00, 0x00, 0x93, 0x0c, 0x00, 0x00, 0x13, 0x0d,
    0x00, 0x00, 0x93, 0x0d, 0x00, 0x00, 0x13, 0x0e, 0x00, 0x00, 0x93, 0x0e, 0x00, 0x00, 0x13, 0x0f,
    0x00, 0x00, 0x93, 0x0f, 0x00, 0x00, 0x97, 0x00, 0x00, 0x00, 0x93, 0x80, 0xc0, 0xef, 0x73, 0x90,
    0x50, 0x30, 0x93, 0x00, 0x00, 0x00, 0x17, 0x41, 0x10, 0x00, 0x13, 0x01, 0xc1, 0xce, 0x33, 0x04,
    0x01, 0x00, 0x17, 0x0d, 0x10, 0x00, 0x13, 0x0d, 0x0d, 0xee, 0x97, 0x4d, 0x10, 0x00, 0x93, 0x8d,
    0x8d, 0xcd, 0x63, 0x57, 0xbd, 0x01, 0x23, 0x20, 0x0d, 0x00, 0x11, 0x0d, 0xe3, 0x4d, 0xbd, 0xff,
    0xef, 0x30, 0xc0, 0x3c, 0x73, 0x00, 0x50, 0x10, 0xf5, 0xbf, 0xb7, 0x07, 0x02, 0x04, 0xdc, 0x47,
    0x13, 0x05, 0xa0, 0x0a, 0x85, 0x8b, 0x99, 0xe3, 0x13, 0x05, 0x50, 0x05, 0x82, 0x80, 0xb7, 0x27,
    0x03, 0x04, 0x9c, 0x47, 0x13, 0x05, 0xa0, 0x0a, 0x85, 0x8b, 0x99, 0xe3, 0x13, 0x05, 0x50, 0x05,
    0x82, 0x80, 0xb7, 0x37, 0x20, 0x00, 0x23, 0xaa, 0x07, 0x0c, 0xb7, 0x37, 0x20, 0x00, 0x23, 0xa8,
    0x07, 0x0c, 0xb7, 0x37, 0x20, 0x00, 0x23, 0xa6, 0x07, 0x08, 0xb7, 0x37, 0x20, 0x00, 0x23, 0xa4,
    0x07, 0x08, 0xb7, 0x37, 0x20, 0x00, 0x23, 0x88, 0x07, 0x06, 0xb7, 0x37, 0x20, 0x00, 0x23, 0x8e,
    0x07, 0x04, 0x13, 0x07, 0x50, 0x05, 0xb7, 0x37, 0x20, 0x00, 0x23, 0xac, 0xe7, 0x0a, 0x82, 0x80,
    0x05, 0x67, 0xfa, 0x33, 0xc5, 0x9b, 0x07, 0x7b, 0xd3, 0x4e, 0x0d, 0x27, 0xe3, 0x02, 0x75, 0x07,
    0x81, 0x1d, 0xea, 0x60, 0x18, 0x7a, 0x53, 0x09, 0xc6, 0x5b, 0x9b, 0x0f, 0x8d, 0xb2, 0x62, 0xd5,
    0xc0, 0x25, 0xd1, 0xb0, 0x05, 0x93, 0x07, 0x45, 0x00, 0x01, 0x17, 0x01, 0x45, 0x94, 0x43, 0x99,
    0xe6, 0x13, 0x05, 0x05, 0x02, 0x91, 0x07, 0xe3, 0x1b, 0xe5, 0xfe, 0x82, 0x80, 0x81, 0x47, 0x13,
    0x06, 0x00, 0x02, 0x33, 0xd7, 0xf6, 0x00, 0x05, 0x8b, 0x09, 0xe7, 0x85, 0x07, 0x05, 0x05, 0xe3,
    0x9a, 0xc7, 0xfe, 0x82, 0x80, 0x18, 0x41, 0xfd, 0x57, 0x63, 0x02, 0xf7, 0x06, 0x13, 0x07, 0x45,
    0x00, 0x81, 0x47, 0x13, 0x06, 0xf0, 0x07, 0x14, 0x43, 0x81, 0xea, 0x85, 0x07, 0x11, 0x07, 0xe3,
    0x9c, 0xc7, 0xfe, 0x13, 0x05, 0xa0, 0x0a, 0x82, 0x80, 0x01, 0x47, 0x93, 0x05, 0x00, 0x02, 0x33,
    0xd6, 0xe6, 0x00, 0x05, 0x8a, 0x19, 0xca, 0x93, 0x05, 0x00, 0x02, 0x33, 0xd6, 0xe6, 0x00, 0x05,
    0x8a, 0x15, 0xc6, 0x05, 0x07, 0xe3, 0x1b, 0xb7, 0xfe, 0x21, 0xa0, 0x05, 0x07, 0xe3, 0x11, 0xb7,
    0xfe, 0x89, 0x07, 0x93, 0x06, 0x00, 0x08, 0x7d, 0x56, 0xe3, 0x85, 0xd7, 0xfc, 0x85, 0x07, 0x13,
    0x97, 0x27, 0x00, 0x2a, 0x97, 0x03, 0x27, 0xc7, 0xff, 0xe3, 0x08, 0xc7, 0xfe, 0x13, 0x05, 0x50,
    0x05, 0x82, 0x80, 0x93, 0x07, 0x30, 0x0c, 0x63, 0x05, 0xf5, 0x00, 0xb7, 0x07, 0x01, 0x04, 0x88,
    0xcf, 0xb7, 0x07, 0x20, 0x00, 0x93, 0x87, 0x47, 0x01, 0x05, 0x67, 0x23, 0x80, 0xa7, 0x00, 0xba,
    0x97, 0xf8, 0x5b, 0x19, 0xe3, 0x05, 0x47, 0xf8, 0xdb, 0x82, 0x80, 0xb7, 0x37, 0x20, 0x00, 0x37,
    0x36, 0x20, 0x00, 0x37, 0x68, 0x19, 0x00, 0xb7, 0xf8, 0x6e, 0x3c, 0x03, 0xce, 0xfa, 0xa8, 0x1a,
    0xf0, 0x9d, 0x16, 0xe1, 0x6c, 0x65, 0x77, 0x8b, 0xf1, 0x46, 0xc1, 0xab, 0xde, 0x12, 0xb9, 0x9f,
    0xbf, 0x17, 0xfe, 0xe1, 0x2a, 0xbb, 0x0c, 0x0b, 0xe1, 0x15, 0x38, 0xf6, 0x04, 0x36, 0x88, 0x06,
    0xc7, 0x09, 0x03, 0x27, 0x86, 0x09, 0x01, 0x43, 0x81, 0x47, 0x81, 0x46, 0x13, 0x06, 0x86, 0x09,
    0x13, 0x08, 0xd8, 0x60, 0x93, 0x88, 0xf8, 0x35, 0x63, 0x96, 0xb6, 0x00, 0x63, 0x03, 0x03, 0x00,
    0x18, 0xc2, 0x82, 0x80, 0x93, 0xfe, 0x36, 0x00, 0x63, 0x9a, 0x0e, 0x00, 0x81, 0x47, 0x63, 0x07,
    0x0e, 0x00, 0xb3, 0x07, 0x07, 0x03, 0x72, 0x83, 0xc6, 0x97, 0x3e, 0x87, 0xb3, 0x0e, 0xd5, 0x00,
    0x13, 0xff, 0xf7, 0x0f, 0x23, 0x80, 0xee, 0x01, 0xa1, 0x83, 0x85, 0x06, 0xf1, 0xb7, 0xb7, 0x37,
    0x20, 0x00, 0x93, 0x87, 0x87, 0xe3, 0x83, 0xa6, 0x07, 0x10, 0x03, 0xa7, 0x47, 0x10, 0x63, 0xf0,
    0xe6, 0x02, 0x03, 0xa7, 0x07, 0x10, 0x0a, 0x07, 0x3e, 0x97, 0x18, 0x43, 0x18, 0xc1, 0x03, 0xa7,
    0x07, 0x10, 0x13, 0x05, 0xa0, 0x0a, 0x05, 0x07, 0x23, 0xa0, 0xe7, 0x10, 0x82, 0x80, 0x13, 0x05,
    0x50, 0x05, 0x82, 0x80, 0xb7, 0x07, 0x01, 0x04, 0x13, 0x87, 0x07, 0x10, 0x93, 0x87, 0x07, 0x1a,
    0x23, 0x20, 0x07, 0x00, 0x11, 0x07, 0xe3, 0x1d, 0xf7, 0xfe, 0x82, 0x80, 0xb7, 0x37, 0x20, 0x00,
    0x03, 0xa5, 0x47, 0x06, 0x82, 0x80, 0xb7, 0x07, 0x08, 0x05, 0x83, 0xa7, 0xc7, 0x20, 0x13, 0x05,
    0xa0, 0x0a, 0x85, 0x8b, 0x99, 0xe3, 0x13, 0x05, 0x50, 0x05, 0x82, 0x80, 0xb7, 0x07, 0x08, 0x05,
    0x83, 0xa7, 0xc7, 0x20, 0x13, 0x05, 0xa0, 0x0a, 0x89, 0x8b, 0x99, 0xe3, 0x13, 0x05, 0x50, 0x05,
    0x82, 0x80, 0xb7, 0x07, 0x08, 0x05, 0x13, 0x87, 0xfa, 0x3b, 0xf0, 0x88, 0x76, 0xc9, 0x5e, 0xf3,
    0xea, 0xf3, 0x13, 0x79, 0x42, 0x48, 0x42, 0xa3, 0xb8, 0x4c, 0x53, 0xae, 0xfa, 0x42, 0x61, 0xd4,
    0x89, 0x3c, 0x9b, 0x10, 0xcd, 0x95, 0x7a, 0x8a, 0xcb, 0x60, 0x07, 0x07, 0x20, 0x23, 0xa0, 0x07,
    0x00, 0x91, 0x07, 0xe3, 0x9d, 0xe7, 0xfe, 0x82, 0x80, 0xb7, 0x37, 0x20, 0x00, 0x03, 0xa7, 0xc7,
    0x0d, 0x93, 0x07, 0x50, 0x05, 0x13, 0x05, 0xa0, 0x0a, 0x63, 0x04, 0xf7, 0x00, 0x13, 0x05, 0x50,
    0x05, 0x82, 0x80, 0xb7, 0x37, 0x20, 0x00, 0x03, 0xa5, 0xc7, 0x06, 0x82, 0x80, 0xb7, 0x27, 0x00,
    0x06, 0x9c, 0x47, 0x05, 0x47, 0x13, 0x05, 0xa0, 0x0a, 0x9d, 0x8b, 0xfd, 0x17, 0x63, 0x74, 0xf7,
    0x00, 0x13, 0x05, 0x50, 0x05, 0x82, 0x80, 0x37, 0x27, 0x00, 0x06, 0x1c, 0x47, 0x85, 0x46, 0x13,
    0x05, 0xa0, 0x0a, 0x9d, 0x8b, 0x63, 0x89, 0xd7, 0x00, 0x1c, 0x47, 0x09, 0x47, 0x9d, 0x8b, 0x63,
    0x84, 0xe7, 0x00, 0x13, 0x05, 0x50, 0x05, 0x82, 0x80, 0x13, 0x17, 0x05, 0x01, 0x93, 0x17, 0x85,
    0x01, 0xba, 0x97, 0x13, 0x17, 0x85, 0x00, 0xba, 0x97, 0x3e, 0x95, 0xb7, 0x07, 0x00, 0x04, 0x88,
    0xd3, 0xc8, 0xd3, 0x88, 0xd7, 0xc8, 0xd7, 0x88, 0xdb, 0xc8, 0xdb, 0x88, 0xdf, 0xc8, 0xdf, 0x82,
    0x80, 0xb7, 0x07, 0x00, 0x04, 0x13, 0x07, 0x00, 0x08, 0x98, 0xd3, 0x23, 0xa2, 0x07, 0x02, 0x23,
    0xa4, 0x07, 0x02, 0x23, 0xa6, 0x07, 0x02, 0x23, 0xa8, 0x07, 0x02, 0x13, 0x17, 0xb5, 0x00, 0xb7,
    0x06, 0xff, 0x00, 0x23, 0xaa, 0x07, 0x02, 0x75, 0x8f, 0x6e, 0x05, 0x23, 0xac, 0x07, 0x02, 0x3a,
    0x95, 0xc8, 0xdf, 0x82, 0x80, 0xb7, 0x07, 0x00, 0x04, 0x13, 0x07, 0x00, 0x08, 0x98, 0xd3, 0x23,
    0xa2, 0x07, 0x02, 0xfa, 0xdf, 0xb7, 0x4d, 0xa8, 0xa0, 0x88, 0xef, 0x18, 0x01, 0xe4, 0xc9, 0x06,
    0x7c, 0xec, 0x9b, 0xe3, 0xf9, 0xb0, 0xad, 0x12, 0x77, 0xfb, 0x67, 0xbd, 0x73, 0x0c, 0xb8, 0xcf,
    0xc6, 0xb9, 0xd3, 0x6d, 0x38, 0x08, 0x23, 0xa4, 0x07, 0x02, 0x23, 0xa6, 0x07, 0x02, 0x23, 0xa8,
    0x07, 0x02, 0x23, 0xaa, 0x07, 0x02, 0x23, 0xac, 0x07, 0x02, 0x23, 0xae, 0x07, 0x02, 0x82, 0x80,
    0xb7, 0x07, 0x20, 0x00, 0x93, 0x87, 0x07, 0x00, 0x88, 0x4b, 0x82, 0x80, 0x93, 0x07, 0x50, 0x05,
    0x37, 0x37, 0x20, 0x00, 0x23, 0x26, 0xf7, 0x0a, 0x37, 0x37, 0x20, 0x00, 0x23, 0x28, 0xf7, 0x0a,
    0xb7, 0x27, 0x03, 0x04, 0x05, 0x47, 0xd8, 0xc3, 0x82, 0x80, 0xb7, 0x37, 0x20, 0x00, 0x03, 0xa5,
    0xc7, 0x0a, 0x93, 0x07, 0xa0, 0x0a, 0x63, 0x0b, 0xf5, 0x00, 0xb7, 0x27, 0x03, 0x04, 0x9c, 0x47,
    0x13, 0x05, 0xa0, 0x0a, 0x85, 0x8b, 0x99, 0xe3, 0x13, 0x05, 0x50, 0x05, 0x82, 0x80, 0x37, 0x07,
    0x00, 0x03, 0x1c, 0x4b, 0xdd, 0x9b, 0x1c, 0xcb, 0xb7, 0x37, 0x20, 0x00, 0x03, 0xa7, 0xc7, 0x0e,
    0x93, 0x07, 0xa0, 0x0a, 0x63, 0x18, 0xf7, 0x00, 0x37, 0x07, 0x00, 0x02, 0x7c, 0x43, 0x93, 0xf7,
    0xf7, 0xf7, 0x7c, 0xc3, 0xb7, 0x07, 0x20, 0x00, 0x93, 0x87, 0x07, 0x02, 0x37, 0x07, 0x00, 0x03,
    0x5c, 0xcf, 0xb7, 0x37, 0x20, 0x00, 0x23, 0x84, 0x07, 0x0c, 0x82, 0x80, 0xb7, 0x07, 0x00, 0x03,
    0x9c, 0x47, 0x37, 0x07, 0x04, 0x00, 0x13, 0x05, 0xa0, 0x0a, 0xf9, 0x8f, 0x99, 0xe3, 0x13, 0x05,
    0x50, 0x05, 0x82, 0x80, 0x37, 0x07, 0x00, 0x03, 0x5c, 0x53, 0x13, 0x05, 0x50, 0x05, 0x93, 0x96,
    0x07, 0x01, 0xc1, 0x82, 0xc1, 0x83, 0x63, 0x97, 0xf6, 0x00, 0x1c, 0x47, 0x91, 0x8b, 0xfa, 0x54,
    0x0b, 0xec, 0xc6, 0xfd, 0xf3, 0xe1, 0x2e, 0x1e, 0xc7, 0x38, 0x26, 0x91, 0xc1, 0x66, 0x73, 0xae,
    0x92, 0xd6, 0x4c, 0x7e, 0x22, 0xfe, 0x53, 0x7e, 0x14, 0x1e, 0x39, 0x18, 0x82, 0x14, 0x6b, 0x10,
    0x09, 0x99, 0xe3, 0x13, 0x05, 0xa0, 0x0a, 0x82, 0x80, 0x41, 0x11, 0x06, 0xc6, 0x51, 0x37, 0x37,
    0x07, 0x00, 0x03, 0x5c, 0x47, 0x93, 0xe7, 0x17, 0x00, 0x5c, 0xc7, 0x5c, 0x47, 0x85, 0x8b, 0xf5,
    0xff, 0xb2, 0x40, 0x41, 0x01, 0x82, 0x80, 0x1c, 0x41, 0x63, 0xf7, 0xb7, 0x00, 0x23, 0x80, 0xc7,
    0x00, 0x1c, 0x41, 0x85, 0x07, 0x1c, 0xc1, 0x82, 0x80, 0x22, 0x05, 0x61, 0x77, 0x2d, 0x8d, 0xa1,
    0x47, 0x15, 0x07, 0x93, 0x16, 0x05, 0x01, 0x06, 0x05, 0x42, 0x05, 0xc1, 0x86, 0x41, 0x81, 0x63,
    0xd5, 0x06, 0x00, 0x39, 0x8d, 0x42, 0x05, 0x41, 0x81, 0xfd, 0x17, 0xe5, 0xf7, 0x82, 0x80, 0xb7,
    0x37, 0x20, 0x00, 0x37, 0x37, 0x20, 0x00, 0x83, 0xa5, 0x07, 0x0c, 0x83, 0x27, 0xc7, 0x0b, 0xaa,
    0x86, 0x13, 0x07, 0xc7, 0x0b, 0x01, 0x45, 0x63, 0x8d, 0xf5, 0x02, 0x37, 0x26, 0x20, 0x00, 0x13,
    0x06, 0x86, 0x63, 0x93, 0x08, 0xf0, 0x7f, 0x13, 0x08, 0xc0, 0x0f, 0x33, 0x0e, 0xf6, 0x00, 0x03,
    0x4e, 0x0e, 0x00, 0x05, 0x05, 0x33, 0x83, 0xa6, 0x00, 0xa3, 0x0f, 0xc3, 0xff, 0x85, 0x07, 0x63,
    0xf3, 0xf8, 0x00, 0x81, 0x47, 0x63, 0x84, 0xf5, 0x00, 0xe3, 0x11, 0x05, 0xff, 0x1c, 0xc3, 0x82,
    0x80, 0x82, 0x80, 0xb7, 0x07, 0x02, 0x02, 0xd8, 0x43, 0x37, 0x38, 0x20, 0x00, 0x93, 0x08, 0x50,
    0x05, 0x88, 0x4b, 0x8c, 0x4f, 0xd0, 0x4f, 0x94, 0x53, 0x23, 0x2e, 0x18, 0x0d, 0x21, 0x48, 0x09,
    0x8b, 0x23, 0xa6, 0x07, 0x01, 0x01, 0x00, 0x01, 0x00, 0xfa, 0x34, 0x3e, 0x0f, 0xb6, 0x26, 0x66,
    0x09, 0xf3, 0x34, 0x12, 0xdf, 0x34, 0x47, 0xe0, 0xa4, 0x48, 0xfb, 0x68, 0x77, 0x52, 0x16, 0x26,
    0x3f, 0x96, 0x29, 0xf7, 0x5c, 0xf7, 0x08, 0x12, 0x32, 0xd4, 0xe8, 0x09, 0x01, 0x00, 0x01, 0x00,
    0x01, 0x00, 0xd8, 0xc3, 0x88, 0xcb, 0x8c, 0xcf, 0xd0, 0xcf, 0x94, 0xd3, 0x82, 0x80, 0x37, 0x37,
    0x20, 0x00, 0x83, 0x26, 0xc7, 0x0b, 0xb7, 0x35, 0x20, 0x00, 0x37, 0x16, 0x20, 0x00, 0x37, 0x28,
    0x20, 0x00, 0x83, 0xa7, 0x05, 0x0c, 0x13, 0x85, 0x05, 0x0c, 0x81, 0x48, 0x01, 0x43, 0x13, 0x06,
    0x06, 0x39, 0x93, 0x05, 0xc7, 0x0b, 0x93, 0x0e, 0xf0, 0x7f, 0x13, 0x08, 0x88, 0x63, 0x13, 0x0f,
    0xa0, 0x02, 0x03, 0x4e, 0x06, 0x00, 0x63, 0x19, 0x0e, 0x00, 0x63, 0x03, 0x03, 0x00, 0x1c, 0xc1,
    0x63, 0x83, 0x08, 0x00, 0x94, 0xc1, 0x82, 0x80, 0x13, 0x87, 0x17, 0x00, 0x63, 0xf3, 0xee, 0x00,
    0x01, 0x47, 0x63, 0x1e, 0xd7, 0x00, 0x93, 0x08, 0x17, 0x80, 0x93, 0x06, 0x17, 0x00, 0x63, 0x93,
    0x08, 0x00, 0x81, 0x46, 0xb3, 0x08, 0xd8, 0x00, 0x23, 0x80, 0xe8, 0x01, 0x85, 0x48, 0xc2, 0x97,
    0x23, 0x80, 0xc7, 0x01, 0x05, 0x06, 0xba, 0x87, 0x05, 0x43, 0x65, 0xbf, 0x37, 0x47, 0x20, 0x00,
    0xb7, 0x86, 0xb8, 0xed, 0x7d, 0x55, 0x81, 0x47, 0x13, 0x07, 0x07, 0xe0, 0x93, 0x86, 0x06, 0x32,
    0x93, 0x05, 0xc0, 0x1f, 0x33, 0x06, 0xf7, 0x00, 0x03, 0x46, 0x06, 0x00, 0x31, 0x8d, 0x21, 0x46,
    0x13, 0x58, 0x15, 0x00, 0x05, 0x89, 0x11, 0xc1, 0x36, 0x85, 0x7d, 0x16, 0x33, 0x45, 0xa8, 0x00,
    0x65, 0xfa, 0x85, 0x07, 0xe3, 0x90, 0xb7, 0xfe, 0x13, 0x45, 0xf5, 0xff, 0x82, 0x80, 0xb7, 0x47,
    0x20, 0x00, 0x93, 0x87, 0xfa, 0x75, 0x3a, 0x79, 0xee, 0x2a, 0xd0, 0x48, 0xbc, 0xfe, 0x9a, 0x7c,
    0x68, 0xef, 0x7d, 0xc8, 0x7d, 0xe2, 0xec, 0xdc, 0x3d, 0x79, 0x71, 0x32, 0xaa, 0x29, 0x2c, 0x72,
    0x61, 0x6f, 0xe3, 0x86, 0xd8, 0xc0, 0x0a, 0x07, 0xe0, 0x41, 0x11, 0xb3, 0x85, 0xa7, 0x40, 0x06,
    0xc6, 0x75, 0x36, 0x93, 0x00, 0x00, 0x00, 0x93, 0x01, 0x00, 0x00, 0x13, 0x02, 0x00, 0x00, 0x93,
    0x02, 0x00, 0x00, 0x13, 0x03, 0x00, 0x00, 0x93, 0x03, 0x00, 0x00, 0x13, 0x04, 0x00, 0x00, 0x93,
    0x04, 0x00, 0x00, 0x13, 0x05, 0x00, 0x00, 0x93, 0x05, 0x00, 0x00, 0x13, 0x06, 0x00, 0x00, 0x93,
    0x06, 0x00, 0x00, 0x13, 0x07, 0x00, 0x00, 0x93, 0x07, 0x00, 0x00, 0x13, 0x08, 0x00, 0x00, 0x93,
    0x08, 0x00, 0x00, 0x13, 0x09, 0x00, 0x00, 0x93, 0x09, 0x00, 0x00, 0x13, 0x0a, 0x00, 0x00, 0x93,
    0x0a, 0x00, 0x00, 0x13, 0x0b, 0x00, 0x00, 0x93, 0x0b, 0x00, 0x00, 0x13, 0x0c, 0x00, 0x00, 0x93,
    0x0c, 0x00, 0x00, 0x13, 0x0d, 0x00, 0x00, 0x93, 0x0d, 0x00, 0x00, 0x13, 0x0e, 0x00, 0x00, 0x93,
    0x0e, 0x00, 0x00, 0x13, 0x0f, 0x00, 0x00, 0x93, 0x0f, 0x00, 0x00, 0x73, 0x00, 0x50, 0x10, 0x51,
    0xb7, 0x49, 0xb7, 0x41, 0xb7, 0xbd, 0xbf, 0x85, 0x67, 0xc1, 0x07, 0x63, 0xe0, 0xb7, 0x04, 0x41,
    0x11, 0x22, 0xc4, 0x26, 0xc2, 0x06, 0xc6, 0xae, 0x84, 0x37, 0x04, 0x20, 0x00, 0x19, 0xc5, 0x2e,
    0x86, 0xaa, 0x85, 0x13, 0x05, 0x44, 0x01, 0xef, 0x40, 0x90, 0x08, 0x13, 0x04, 0x44, 0x01, 0x93,
    0x07, 0x30, 0xfc, 0x23, 0x00, 0xf4, 0x00, 0x85, 0x67, 0x3e, 0x94, 0x64, 0xd8, 0xb2, 0x40, 0x22,
    0x44, 0x92, 0x44, 0x13, 0x05, 0xa0, 0x0a, 0x41, 0x01, 0x82, 0x80, 0x13, 0x05, 0x50, 0x05, 0xfa,
    0x0d, 0x7e, 0xfd, 0x00, 0xfc, 0x8e, 0x1b, 0x8d, 0x7f, 0x65, 0x59, 0xe2, 0xa8, 0x93, 0x45, 0x0a,
    0x0a, 0x75, 0x4b, 0x51, 0xdc, 0x38, 0xa0, 0xf2, 0x1d, 0xf7, 0x54, 0xc0, 0xe0, 0x55, 0x9f, 0x55,
    0x98, 0x0b, 0x82, 0x80, 0xb7, 0x06, 0x00, 0x03, 0xdc, 0x42, 0x7d, 0x77, 0x13, 0x07, 0xf7, 0x0f,
    0xf9, 0x8f, 0x37, 0x57, 0x10, 0x00, 0x93, 0xe7, 0x07, 0x10, 0x13, 0x07, 0xc7, 0x36, 0xdc, 0xc2,
    0x14, 0x43, 0xb7, 0x27, 0x20, 0x00, 0x58, 0x43, 0x93, 0x87, 0x07, 0x62, 0x94, 0xc3, 0xd8, 0xc3,
    0x82, 0x80, 0xb7, 0x07, 0x20, 0x01, 0x23, 0xac, 0x07, 0x00, 0xd8, 0x43, 0x13, 0x67, 0x17, 0x00,
    0xd8, 0xc3, 0x93, 0x07, 0x80, 0x3e, 0x63, 0xf4, 0xa7, 0x00, 0x13, 0x05, 0x80, 0x3e, 0xb7, 0x07,
    0x20, 0x01, 0x98, 0x4f, 0xe3, 0x6f, 0xa7, 0xfe, 0xd8, 0x43, 0x79, 0x9b, 0xd8, 0xc3, 0x23, 0xac,
    0x07, 0x00, 0x82, 0x80, 0x01, 0x11, 0x26, 0xca, 0x4e, 0xc6, 0xb7, 0x07, 0x01, 0x02, 0x06, 0xce,
    0x22, 0xcc, 0x4a, 0xc8, 0xc0, 0x43, 0x93, 0x77, 0x05, 0x01, 0xaa, 0x84, 0xae, 0x89, 0x99, 0xc3,
    0xef, 0x40, 0x20, 0x7c, 0xa1, 0x67, 0x93, 0x87, 0x07, 0x80, 0xe5, 0x8f, 0x99, 0xc3, 0x13, 0x64,
    0x04, 0x02, 0xb7, 0x87, 0x07, 0x00, 0xe5, 0x8f, 0x99, 0xc3, 0x13, 0x64, 0x04, 0x18, 0xb7, 0x07,
    0x08, 0x00, 0xe5, 0x8f, 0x99, 0xc3, 0x13, 0x74, 0xf4, 0xbf, 0xb7, 0x07, 0x10, 0x00, 0xe5, 0x8f,
    0x91, 0xc7, 0xf5, 0x77, 0xfd, 0x17, 0x7d, 0x8c, 0x89, 0x67, 0x5d, 0x8c, 0x37, 0x09, 0x01, 0x02,
    0x23, 0x22, 0x89, 0x00, 0x05, 0x45, 0xb5, 0x37, 0xf9, 0x77, 0x93, 0x87, 0xf7, 0xa5, 0xe1, 0x8f,
    0x93, 0xe7, 0x07, 0x40, 0x23, 0x22, 0xf9, 0x00, 0x05, 0x45, 0xfa, 0x0c, 0x0e, 0x77, 0x10, 0x47,
    0xdb, 0xa2, 0xff, 0x9b, 0x38, 0x18, 0x52, 0xcd, 0xd6, 0xa0, 0x19, 0x47, 0x68, 0x38, 0xf4, 0x93,
    0x97, 0x2f, 0x57, 0xa8, 0x46, 0x16, 0x95, 0x24, 0xb4, 0x25, 0x52, 0x70, 0x0c, 0xa1, 0x3f, 0xf5,
    0x77, 0x93, 0x87, 0xf7, 0xa5, 0x7d, 0x8c, 0x85, 0x67, 0x93, 0x87, 0x07, 0x40, 0x5d, 0x8c, 0x23,
    0x22, 0x89, 0x00, 0xb7, 0x47, 0x00, 0x08, 0x23, 0xa4, 0x07, 0x00, 0xb7, 0x57, 0x00, 0x08, 0x23,
    0xa4, 0x07, 0x00, 0x23, 0x20, 0x99, 0x02, 0x23, 0x22, 0x39, 0x03, 0xf2, 0x40, 0x62, 0x44, 0xd2,
    0x44, 0x42, 0x49, 0xb2, 0x49, 0x05, 0x61, 0x82, 0x80, 0x39, 0x71, 0x06, 0xde, 0x16, 0xdc, 0x1a,
    0xda, 0x1e, 0xd8, 0x2a, 0xd6, 0x2e, 0xd4, 0x32, 0xd2, 0x36, 0xd0, 0x3a, 0xce, 0x3e, 0xcc, 0x42,
    0xca, 0x46, 0xc8, 0x72, 0xc6, 0x76, 0xc4, 0x7a, 0xc2, 0x7e, 0xc0, 0xf1, 0x35, 0xf2, 0x50, 0xe2,
    0x52, 0x52, 0x53, 0xc2, 0x53, 0x32, 0x55, 0xa2, 0x55, 0x12, 0x56, 0x82, 0x56, 0x72, 0x47, 0xe2,
    0x47, 0x52, 0x48, 0xc2, 0x48, 0x32, 0x4e, 0xa2, 0x4e, 0x12, 0x4f, 0x82, 0x4f, 0x21, 0x61, 0x73,
    0x00, 0x20, 0x30, 0x41, 0x11, 0x3e, 0xc6, 0xb7, 0x07, 0x40, 0x00, 0x73, 0xb0, 0x47, 0x30, 0xb2,
    0x47, 0x41, 0x01, 0x73, 0x00, 0x20, 0x30, 0x41, 0x11, 0x3e, 0xc6, 0xb7, 0x07, 0x80, 0x00, 0x73,
    0xb0, 0x47, 0x30, 0xb2, 0x47, 0x41, 0x01, 0x73, 0x00, 0x20, 0x30, 0x41, 0x11, 0x3e, 0xc6, 0xb7,
    0x07, 0x00, 0x04, 0x73, 0xb0, 0x47, 0x30, 0xb2, 0x47, 0x41, 0x01, 0x73, 0x00, 0x20, 0x30, 0x41,
    0x11, 0x3e, 0xc6, 0xb7, 0x07, 0x00, 0x20, 0x73, 0xb0, 0x47, 0x30, 0xb2, 0x47, 0x41, 0x01, 0x73,
    0x00, 0x20, 0x30, 0x41, 0x11, 0xfa, 0x0c, 0x12, 0x98, 0x5f, 0x1f, 0x7e, 0x6f, 0x48, 0x00, 0x32,
    0xc2, 0xbb, 0xc7, 0xf1, 0x3a, 0xff, 0x93, 0xeb, 0x3b, 0x51, 0xea, 0xd2, 0x43, 0xb8, 0x9f, 0x81,
    0x27, 0xd7, 0xe5, 0xb1, 0x75, 0xea, 0x48, 0x0d, 0x3a, 0xc6, 0x3e, 0xc4, 0x37, 0x07, 0x02, 0x02,
    0x1c, 0x47, 0x1c, 0xc7, 0x85, 0x8b, 0x99, 0xc7, 0xb7, 0x37, 0x20, 0x00, 0x13, 0x07, 0x50, 0x05,
    0x23, 0xae, 0xe7, 0x0c, 0x32, 0x47, 0xa2, 0x47, 0x41, 0x01, 0x73, 0x00, 0x20, 0x30, 0x37, 0x07,
    0x00, 0x02, 0x5c, 0x47, 0xc9, 0x8f, 0x5c, 0xc7, 0x82, 0x80, 0x41, 0x11, 0x09, 0x65, 0x06, 0xc6,
    0xfd, 0x37, 0x05, 0x65, 0xed, 0x37, 0xb2, 0x40, 0x11, 0x65, 0x41, 0x01, 0xcd, 0xb7, 0x41, 0x11,
    0x21, 0x65, 0x06, 0xc6, 0xe9, 0x3f, 0xb7, 0x07, 0x01, 0x04, 0x05, 0x47, 0xd8, 0xc3, 0xb2, 0x40,
    0x41, 0x01, 0x82, 0x80, 0x13, 0x05, 0x00, 0x10, 0xd9, 0xb7, 0xb7, 0x07, 0x00, 0x02, 0xd8, 0x47,
    0x13, 0x45, 0xf5, 0xff, 0x79, 0x8d, 0xc8, 0xc7, 0x82, 0x80, 0x41, 0x11, 0x09, 0x65, 0x06, 0xc6,
    0xed, 0x37, 0x05, 0x65, 0xdd, 0x37, 0x11, 0x65, 0xcd, 0x37, 0x13, 0x05, 0x00, 0x10, 0xf1, 0x3f,
    0xb2, 0x40, 0x13, 0x05, 0x00, 0x08, 0x41, 0x01, 0xc9, 0xbf, 0xb7, 0x07, 0x01, 0x04, 0x23, 0xa2,
    0x07, 0x00, 0x21, 0x65, 0xd9, 0xb7, 0x37, 0x05, 0x20, 0x00, 0x41, 0x11, 0x05, 0x67, 0x93, 0x07,
    0x45, 0x01, 0x22, 0xc4, 0x06, 0xc6, 0xba, 0x97, 0xb8, 0x5b, 0xec, 0x5b, 0x37, 0x14, 0x20, 0x00,
    0x13, 0x04, 0x44, 0x01, 0x63, 0xf3, 0xe5, 0x00, 0xba, 0x85, 0x13, 0x05, 0x45, 0x01, 0xef, 0xf0,
    0x9f, 0x86, 0xb7, 0x07, 0x00, 0x04, 0x23, 0x28, 0x04, 0x06, 0x23, 0x2a, 0x04, 0x06, 0x13, 0x07,
    0xfa, 0x6f, 0xf6, 0xb5, 0x2c, 0xb9, 0x22, 0x43, 0xa5, 0x5e, 0xe1, 0x73, 0xd3, 0xbe, 0x23, 0x4e,
    0xe9, 0x1d, 0xff, 0x2e, 0x18, 0x3c, 0x03, 0xdb, 0x44, 0x35, 0xc4, 0x71, 0x45, 0xb0, 0x30, 0x06,
    0x83, 0x20, 0x0e, 0x60, 0x02, 0x98, 0xc7, 0x89, 0x67, 0x37, 0x07, 0x01, 0x04, 0x8d, 0x07, 0x1c,
    0xc7, 0x23, 0x2a, 0x07, 0x00, 0x65, 0x37, 0x22, 0x44, 0xb2, 0x40, 0x41, 0x01, 0x41, 0xb7, 0x01,
    0x11, 0x22, 0xcc, 0x26, 0xca, 0x37, 0x04, 0x02, 0x02, 0xaa, 0x84, 0x41, 0x45, 0x06, 0xce, 0x4e,
    0xc6, 0x4a, 0xc8, 0x52, 0xc4, 0x31, 0x3f, 0x83, 0x29, 0x44, 0x00, 0xad, 0x36, 0x1c, 0x48, 0x93,
    0xf9, 0xe9, 0xff, 0x93, 0xe7, 0x17, 0x00, 0x1c, 0xc8, 0x93, 0x07, 0x00, 0x40, 0x5c, 0xc0, 0x44,
    0xc8, 0x5c, 0x40, 0x93, 0xe7, 0x17, 0x00, 0x5c, 0xc0, 0x85, 0x47, 0x5c, 0xc4, 0x5c, 0x50, 0xe5,
    0x8f, 0x63, 0x84, 0xf4, 0x02, 0x81, 0x36, 0x13, 0x09, 0x50, 0x05, 0xb7, 0x07, 0x02, 0x02, 0x23,
    0xa2, 0x37, 0x01, 0x41, 0x45, 0x21, 0x3f, 0xf2, 0x40, 0x62, 0x44, 0xd2, 0x44, 0xb2, 0x49, 0x22,
    0x4a, 0x4a, 0x85, 0x42, 0x49, 0x05, 0x61, 0x82, 0x80, 0x5c, 0x54, 0xe5, 0x8f, 0xe1, 0xff, 0x1c,
    0x54, 0xe5, 0x8f, 0xe9, 0xfb, 0x1c, 0x44, 0x85, 0x8b, 0xf1, 0xf7, 0xb7, 0x37, 0x20, 0x00, 0x13,
    0x0a, 0xa0, 0x0a, 0x23, 0xae, 0x47, 0x0d, 0x89, 0x47, 0x5c, 0xc4, 0x5c, 0x4c, 0x0c, 0x50, 0x13,
    0x07, 0x60, 0x04, 0xb3, 0xd7, 0xe7, 0x02, 0x37, 0x05, 0x10, 0x00, 0x13, 0x05, 0xe5, 0x36, 0xb3,
    0xd5, 0xe5, 0x02, 0xae, 0x97, 0x89, 0x65, 0x93, 0x85, 0x75, 0x02, 0xbe, 0x95, 0xef, 0x00, 0x50,
    0x7c, 0x2a, 0x89, 0xe3, 0x19, 0x45, 0xf9, 0x48, 0x50, 0x1c, 0x54, 0xfa, 0x28, 0x44, 0xff, 0x54,
    0x50, 0xa9, 0x64, 0x09, 0x67, 0x4f, 0x2e, 0xed, 0xf5, 0xb9, 0x68, 0x72, 0xc9, 0xb6, 0x13, 0x74,
    0x19, 0x45, 0xfd, 0xdf, 0x83, 0x59, 0x3f, 0x50, 0x37, 0xc0, 0x5b, 0x8a, 0xf8, 0x0e, 0x58, 0x54,
    0x93, 0xc7, 0xf7, 0xff, 0x59, 0x8d, 0xc9, 0x8f, 0xfd, 0x8c, 0xbd, 0xfc, 0x49, 0xb7, 0x6d, 0x71,
    0x23, 0x26, 0x11, 0x10, 0x23, 0x24, 0x81, 0x10, 0x86, 0x85, 0xb7, 0x07, 0x00, 0x80, 0x37, 0x55,
    0x10, 0x00, 0xbe, 0x95, 0x13, 0x05, 0x05, 0x03, 0xb1, 0x2d, 0xb7, 0x27, 0x20, 0x00, 0x03, 0xa7,
    0x47, 0x63, 0x93, 0x07, 0xa0, 0x0a, 0x63, 0x1a, 0xf7, 0x04, 0xef, 0x20, 0x80, 0x1a, 0xb7, 0x36,
    0x20, 0x00, 0xb7, 0x37, 0x20, 0x00, 0x93, 0x86, 0xc6, 0x0b, 0x83, 0xa7, 0x07, 0x0c, 0x98, 0x42,
    0x13, 0x06, 0xc0, 0x0f, 0x33, 0x87, 0xe7, 0x40, 0x13, 0x77, 0xf7, 0x7f, 0x63, 0x77, 0xe6, 0x00,
    0x93, 0x87, 0x47, 0xf0, 0x93, 0xf7, 0xf7, 0x7f, 0x9c, 0xc2, 0x0a, 0x85, 0x1d, 0x22, 0x93, 0x07,
    0xf0, 0x07, 0x93, 0x05, 0xc0, 0x0f, 0x13, 0x05, 0x21, 0x00, 0x23, 0x00, 0xf1, 0x00, 0xdd, 0x3a,
    0xa3, 0x00, 0xa1, 0x00, 0x0a, 0x85, 0xef, 0x00, 0xe0, 0x74, 0x37, 0x07, 0x00, 0x03, 0x5c, 0x43,
    0xfd, 0x76, 0x93, 0x86, 0xf6, 0x0f, 0xf5, 0x8f, 0x93, 0xe7, 0x07, 0x10, 0x5c, 0xc3, 0x1c, 0x4b,
    0x05, 0x64, 0x37, 0x05, 0x20, 0x00, 0xf9, 0x9b, 0x1c, 0xcb, 0x93, 0x05, 0xc4, 0x07, 0xb7, 0x37,
    0x20, 0x00, 0x13, 0x07, 0x50, 0x05, 0x13, 0x05, 0x45, 0x01, 0x23, 0xa4, 0xe7, 0x0a, 0xef, 0xf0,
    0xef, 0xeb, 0x37, 0x15, 0x20, 0x00, 0x93, 0x05, 0x04, 0x01, 0x13, 0x05, 0x05, 0x41, 0xef, 0xf0,
    0xef, 0xea, 0x37, 0x25, 0x20, 0x00, 0xfa, 0x60, 0x73, 0x6a, 0xbc, 0x0f, 0x17, 0x35, 0x69, 0xdd,
    0x43, 0x2a, 0xbe, 0x2e, 0x6f, 0x2e, 0xd6, 0xd8, 0xda, 0x71, 0xf6, 0xd6, 0xc3, 0x13, 0xea, 0x9d,
    0x68, 0xb2, 0x5e, 0x73, 0x5b, 0x03, 0x09, 0xd0, 0x0f, 0x93, 0x05, 0x00, 0x20, 0x13, 0x05, 0x05,
    0x42, 0xef, 0xf0, 0xef, 0xe9, 0x4d, 0x3b, 0xef, 0xf0, 0xef, 0xf2, 0xe5, 0x3b, 0x1d, 0x65, 0x13,
    0x05, 0x05, 0x6c, 0x89, 0x3d, 0x93, 0x07, 0xa0, 0x0a, 0x63, 0x08, 0xf5, 0x00, 0x37, 0x55, 0x10,
    0x00, 0x89, 0x45, 0x13, 0x05, 0x85, 0x03, 0x41, 0x23, 0xf9, 0x67, 0x37, 0x07, 0x00, 0x02, 0x93,
    0x87, 0x27, 0xf7, 0x5c, 0xcb, 0x0a, 0x85, 0x75, 0x34, 0x13, 0x07, 0xf0, 0x17, 0x63, 0x75, 0xa7,
    0x00, 0x41, 0x11, 0x06, 0xc6, 0xf5, 0x35, 0x13, 0x77, 0x35, 0x00, 0xaa, 0x87, 0x01, 0x45, 0x01,
    0xeb, 0x37, 0x45, 0x20, 0x00, 0x13, 0x05, 0x05, 0xe0, 0xf1, 0x9b, 0xaa, 0x97, 0x88, 0x43, 0x82,
    0x80, 0x41, 0x11, 0x22, 0xc4, 0x06, 0xc6, 0x2e, 0x84, 0xc1, 0x3f, 0x69, 0x8c, 0x13, 0x05, 0x50,
    0x05, 0x19, 0xc0, 0x13, 0x05, 0xa0, 0x0a, 0xb2, 0x40, 0x22, 0x44, 0x41, 0x01, 0x82, 0x80, 0x01,
    0x11, 0x22, 0xcc, 0x2a, 0x84, 0x37, 0x35, 0x00, 0x08, 0x06, 0xce, 0x2e, 0xc6, 0xef, 0x40, 0x40,
    0x15, 0x32, 0x46, 0xa2, 0x85, 0x37, 0x35, 0x00, 0x08, 0xef, 0x40, 0xa0, 0x20, 0x93, 0x07, 0xa0,
    0x0a, 0x63, 0x03, 0xf5, 0x00, 0x71, 0x35, 0x62, 0x44, 0xf2, 0x40, 0x37, 0x35, 0x00, 0x08, 0x05,
    0x61, 0x6f, 0x40, 0x00, 0x17, 0x13, 0x06, 0xe0, 0x0f, 0x81, 0x45, 0x6f, 0x40, 0xc0, 0x38, 0x79,
    0x71, 0x06, 0xd6, 0x22, 0xd4, 0x26, 0xd2, 0x4a, 0xd0, 0x4e, 0xce, 0x52, 0xcc, 0x02, 0xc6, 0x21,
    0xc6, 0xfa, 0x4d, 0xa6, 0xf3, 0xb9, 0xdf, 0x99, 0x9e, 0x71, 0xd8, 0x39, 0x8a, 0x58, 0x95, 0x23,
    0xb8, 0x0d, 0xf3, 0x4a, 0xdc, 0xb0, 0x22, 0xd8, 0xa2, 0x02, 0x47, 0xc0, 0x0e, 0x4e, 0xa4, 0xa9,
    0x14, 0x89, 0xa8, 0x10, 0xaa, 0x84, 0x01, 0x49, 0x29, 0xc9, 0xae, 0x89, 0x32, 0x84, 0x0d, 0x4a,
    0xb3, 0x07, 0x24, 0x41, 0x33, 0x85, 0x24, 0x01, 0x63, 0x62, 0xfa, 0x04, 0x13, 0x56, 0x24, 0x00,
    0xf1, 0x57, 0x33, 0x06, 0xf6, 0x02, 0x13, 0x75, 0xc4, 0xff, 0x93, 0x75, 0xc4, 0xff, 0x26, 0x95,
    0xae, 0x99, 0x22, 0x96, 0x19, 0xc6, 0x83, 0xa7, 0x09, 0x00, 0x6c, 0x00, 0x3e, 0xc6, 0xef, 0x40,
    0x00, 0x30, 0x91, 0x45, 0x68, 0x00, 0xef, 0xf0, 0xcf, 0xd8, 0xb2, 0x50, 0x22, 0x54, 0x92, 0x54,
    0x02, 0x59, 0xf2, 0x49, 0x62, 0x4a, 0x45, 0x61, 0x82, 0x80, 0x29, 0x35, 0xb3, 0x87, 0x29, 0x01,
    0x9c, 0x43, 0x11, 0x46, 0x6c, 0x00, 0x3e, 0xc6, 0x11, 0x09, 0xef, 0x40, 0x40, 0x2d, 0x4d, 0xb7,
    0x79, 0x71, 0x06, 0xd6, 0x22, 0xd4, 0x26, 0xd2, 0x4a, 0xd0, 0x4e, 0xce, 0x52, 0xcc, 0x02, 0xc6,
    0x39, 0xc2, 0x2e, 0x89, 0x81, 0x49, 0xa1, 0xc9, 0xaa, 0x84, 0x32, 0x84, 0x0d, 0x4a, 0xb3, 0x07,
    0x34, 0x41, 0xb3, 0x05, 0x39, 0x01, 0x63, 0x61, 0xfa, 0x04, 0x13, 0x56, 0x24, 0x00, 0xf1, 0x57,
    0x33, 0x06, 0xf6, 0x02, 0x93, 0x75, 0xc4, 0xff, 0xae, 0x94, 0xca, 0x95, 0x22, 0x96, 0x01, 0xca,
    0x9c, 0x40, 0x68, 0x00, 0x3e, 0xc6, 0xef, 0x40, 0x80, 0x28, 0xb2, 0x47, 0x9c, 0xc0, 0x91, 0x45,
    0x68, 0x00, 0xef, 0xf0, 0x0f, 0xd1, 0xb2, 0x50, 0x22, 0x54, 0x92, 0x54, 0x02, 0x59, 0xf2, 0x49,
    0x62, 0x4a, 0x45, 0x61, 0x82, 0x80, 0x79, 0x33, 0x11, 0x46, 0x68, 0x00, 0xfa, 0x05, 0x29, 0xc9,
    0x34, 0xf3, 0xf5, 0xf2, 0x70, 0x11, 0x5c, 0xda, 0xa8, 0x05, 0x7b, 0xda, 0xee, 0x80, 0x60, 0xdc,
    0xad, 0xa8, 0x86, 0xfa, 0x96, 0x72, 0x38, 0xdf, 0x85, 0x70, 0x3d, 0xc3, 0xb6, 0x80, 0x11, 0xef,
    0x40, 0x20, 0x26, 0x32, 0x47, 0xb3, 0x87, 0x34, 0x01, 0x91, 0x09, 0x98, 0xc3, 0x55, 0xb7, 0x01,
    0x11, 0x0a, 0x85, 0xc1, 0x45, 0x06, 0xce, 0x7d, 0x3d, 0x37, 0x05, 0x08, 0x05, 0x8a, 0x85, 0x41,
    0x46, 0x13, 0x05, 0x05, 0x26, 0xbd, 0x37, 0xf2, 0x40, 0x05, 0x61, 0x82, 0x80, 0x79, 0x71, 0x26,
    0xd2, 0x06, 0xd6, 0x22, 0xd4, 0xfd, 0x47, 0xaa, 0x84, 0x63, 0xfe, 0xb7, 0x00, 0x22, 0x54, 0xb2,
    0x50, 0x92, 0x54, 0xaa, 0x85, 0x37, 0x05, 0x00, 0x04, 0x13, 0x06, 0x00, 0x02, 0x13, 0x05, 0x05,
    0x02, 0x45, 0x61, 0x81, 0xb7, 0x2e, 0x84, 0x71, 0x46, 0x81, 0x45, 0x48, 0x00, 0x02, 0xc0, 0xef,
    0x40, 0xe0, 0x23, 0x81, 0x47, 0x63, 0x10, 0xf4, 0x04, 0x18, 0x10, 0x93, 0x07, 0x14, 0x00, 0x3a,
    0x94, 0x13, 0x07, 0x00, 0xf8, 0x23, 0x00, 0xe4, 0xfe, 0x13, 0x07, 0x00, 0x02, 0x63, 0x9e, 0xe7,
    0x02, 0x37, 0x05, 0x00, 0x04, 0x8a, 0x85, 0x13, 0x06, 0x00, 0x02, 0x13, 0x05, 0x05, 0x02, 0x11,
    0x37, 0x0a, 0x85, 0x93, 0x05, 0x00, 0x02, 0xef, 0xf0, 0xef, 0xc5, 0xb2, 0x50, 0x22, 0x54, 0x92,
    0x54, 0x45, 0x61, 0x82, 0x80, 0xb3, 0x86, 0xf4, 0x00, 0x83, 0xc6, 0x06, 0x00, 0x33, 0x07, 0xf1,
    0x00, 0x85, 0x07, 0x23, 0x00, 0xd7, 0x00, 0x7d, 0xb7, 0xb3, 0x06, 0xf1, 0x00, 0x23, 0x80, 0x06,
    0x00, 0x85, 0x07, 0x6d, 0xbf, 0x41, 0x11, 0x22, 0xc4, 0x37, 0x04, 0x20, 0x00, 0x13, 0x04, 0x04,
    0x00, 0x85, 0x47, 0x5c, 0xc0, 0xb7, 0x57, 0xfa, 0x75, 0xf2, 0xc4, 0x7f, 0xe4, 0x47, 0x5c, 0xfd,
    0xb2, 0x84, 0xdf, 0xd7, 0xdc, 0x18, 0xea, 0x74, 0xf8, 0xa1, 0xb4, 0xfb, 0xf7, 0x6c, 0x40, 0x73,
    0xbc, 0x73, 0xd9, 0x20, 0xb4, 0x3d, 0x2a, 0x12, 0x58, 0x12, 0x10, 0x00, 0x0c, 0xc4, 0x93, 0x87,
    0x87, 0x34, 0x8a, 0x05, 0xbe, 0x95, 0x9c, 0x41, 0x06, 0xc6, 0x08, 0xc0, 0x82, 0x97, 0x1c, 0x48,
    0xb2, 0x40, 0x08, 0x48, 0x23, 0x22, 0x04, 0x00, 0x23, 0x20, 0x04, 0x00, 0x22, 0x44, 0x41, 0x01,
    0x82, 0x80, 0xb7, 0x07, 0x01, 0x02, 0xd4, 0x43, 0x37, 0x67, 0x15, 0x00, 0x13, 0x07, 0x87, 0xc1,
    0xe1, 0x9a, 0x63, 0x85, 0xe6, 0x00, 0x41, 0x11, 0x06, 0xc6, 0x85, 0x39, 0x37, 0x37, 0x20, 0x00,
    0x13, 0x07, 0x07, 0x0a, 0xf0, 0x53, 0x14, 0x43, 0xac, 0x53, 0x58, 0x43, 0xe3, 0x95, 0xb6, 0xfe,
    0xe3, 0x13, 0xc7, 0xfe, 0xd0, 0x57, 0x9c, 0x57, 0xe3, 0x9f, 0xf6, 0xfc, 0xe3, 0x1d, 0xc7, 0xfc,
    0x82, 0x80, 0x41, 0x11, 0x4a, 0xc0, 0x37, 0x39, 0x20, 0x00, 0x06, 0xc6, 0x22, 0xc4, 0x26, 0xc2,
    0x2e, 0x84, 0xaa, 0x84, 0x13, 0x09, 0x09, 0x0a, 0x6d, 0x37, 0x03, 0x25, 0x09, 0x00, 0x83, 0x25,
    0x49, 0x00, 0x13, 0x45, 0xf5, 0xff, 0x93, 0xc5, 0xf5, 0xff, 0x65, 0x8d, 0xe1, 0x8d, 0xef, 0xf0,
    0xff, 0x90, 0xb7, 0x07, 0x01, 0x02, 0x23, 0x20, 0x99, 0x00, 0x23, 0x22, 0x89, 0x00, 0x84, 0xd7,
    0xc0, 0xd7, 0x84, 0xdb, 0xc0, 0xdb, 0x84, 0xdf, 0xc0, 0xdf, 0xa4, 0xd3, 0xe0, 0xd3, 0xb2, 0x40,
    0x22, 0x44, 0x92, 0x44, 0x02, 0x49, 0x41, 0x01, 0x82, 0x80, 0x39, 0x71, 0x4e, 0xd6, 0xb7, 0x19,
    0x20, 0x00, 0x93, 0x87, 0x09, 0x39, 0x06, 0xde, 0x22, 0xdc, 0x26, 0xda, 0x4a, 0xd8, 0x52, 0xd4,
    0x56, 0xd2, 0xfa, 0x45, 0x6b, 0xec, 0x37, 0x63, 0x61, 0xe7, 0x20, 0xcb, 0x79, 0x50, 0xd0, 0x9d,
    0x82, 0xcf, 0x77, 0x1d, 0xbd, 0x50, 0x92, 0x69, 0xd4, 0x6c, 0x40, 0xcf, 0x4b, 0xde, 0x39, 0xd8,
    0xf9, 0x2a, 0xa5, 0x30, 0x13, 0x5a, 0xd0, 0x5e, 0xce, 0x62, 0xcc, 0x66, 0xca, 0x6a, 0xc8, 0x3e,
    0xc0, 0x31, 0xc6, 0x93, 0x89, 0x09, 0x39, 0xb7, 0x1a, 0x20, 0x00, 0xb2, 0x84, 0x36, 0x84, 0x93,
    0x0b, 0x50, 0x02, 0x13, 0x8a, 0xf9, 0x07, 0x25, 0x4b, 0x1d, 0x4c, 0x93, 0x8a, 0xfa, 0x40, 0x03,
    0xc6, 0x04, 0x00, 0x15, 0xe6, 0x82, 0x47, 0x23, 0x80, 0x07, 0x00, 0x02, 0x45, 0xf2, 0x50, 0x62,
    0x54, 0xd2, 0x54, 0x42, 0x59, 0x22, 0x5a, 0x92, 0x5a, 0x02, 0x5b, 0xf2, 0x4b, 0x62, 0x4c, 0xd2,
    0x4c, 0x42, 0x4d, 0x33, 0x05, 0x35, 0x41, 0xb2, 0x59, 0x21, 0x61, 0x82, 0x80, 0x41, 0x36, 0x63,
    0x13, 0x76, 0x05, 0x93, 0x87, 0x14, 0x00, 0x83, 0xc6, 0x07, 0x00, 0xbe, 0x84, 0x85, 0x07, 0x13,
    0x87, 0x06, 0xfd, 0x13, 0x77, 0xf7, 0x0f, 0xe3, 0x78, 0xeb, 0xfe, 0x13, 0x07, 0xc0, 0x06, 0x63,
    0x93, 0xe6, 0x00, 0xbe, 0x84, 0x03, 0xc6, 0x04, 0x00, 0x93, 0x07, 0x30, 0x07, 0x63, 0x07, 0xf6,
    0x0c, 0x63, 0xe0, 0xc7, 0x02, 0x93, 0x07, 0x30, 0x06, 0x63, 0x05, 0xf6, 0x06, 0x93, 0x07, 0x40,
    0x06, 0x63, 0x0c, 0xf6, 0x06, 0xd2, 0x85, 0x0a, 0x85, 0xef, 0xf0, 0x2f, 0xd6, 0x22, 0x89, 0x95,
    0xa0, 0x93, 0x07, 0x50, 0x07, 0x63, 0x02, 0xf6, 0x06, 0x93, 0x07, 0x80, 0x07, 0xe3, 0x14, 0xf6,
    0xfe, 0x1c, 0x40, 0x13, 0x09, 0x44, 0x00, 0x01, 0x47, 0xb7, 0x06, 0x00, 0xf0, 0x33, 0xf6, 0xd7,
    0x00, 0x3e, 0x84, 0xba, 0x8c, 0x92, 0x07, 0x05, 0x07, 0x09, 0xe6, 0xe3, 0x19, 0xfa, 0xb8, 0x59,
    0xcf, 0xcd, 0x05, 0x70, 0x57, 0xe0, 0x3b, 0xe4, 0xbe, 0xeb, 0x9d, 0x47, 0xee, 0xf0, 0x60, 0xf5,
    0xf9, 0xc2, 0xfa, 0x16, 0xcc, 0x3c, 0x87, 0xdd, 0xcf, 0x89, 0xe6, 0x26, 0xc3, 0x84, 0x08, 0x14,
    0x87, 0xff, 0x9d, 0x4c, 0x3e, 0x84, 0x21, 0x4d, 0x93, 0x57, 0xc4, 0x01, 0x63, 0x75, 0xfb, 0x08,
    0x13, 0x86, 0x77, 0x05, 0xd6, 0x85, 0x0a, 0x85, 0x85, 0x0c, 0xef, 0xf0, 0x4f, 0xd1, 0x12, 0x04,
    0xe3, 0x94, 0xac, 0xff, 0x09, 0xa8, 0x03, 0x46, 0x04, 0x00, 0xd2, 0x85, 0x0a, 0x85, 0x13, 0x09,
    0x44, 0x00, 0xef, 0xf0, 0xcf, 0xcf, 0x85, 0x04, 0x4a, 0x84, 0x21, 0xbf, 0x5c, 0x00, 0x18, 0x40,
    0x13, 0x09, 0x44, 0x00, 0x3e, 0x8d, 0x01, 0x44, 0x29, 0x46, 0xb3, 0x76, 0xc7, 0x02, 0x05, 0x04,
    0x85, 0x07, 0x93, 0x86, 0x06, 0x03, 0xa3, 0x8f, 0xd7, 0xfe, 0xba, 0x86, 0x33, 0x57, 0xc7, 0x02,
    0xe3, 0x65, 0xdb, 0xfe, 0xfd, 0x5c, 0x7d, 0x14, 0xe3, 0x07, 0x94, 0xfd, 0xb3, 0x07, 0x8d, 0x00,
    0x03, 0xc6, 0x07, 0x00, 0xd2, 0x85, 0x0a, 0x85, 0xef, 0xf0, 0x6f, 0xcb, 0xed, 0xb7, 0x13, 0x09,
    0x44, 0x00, 0x00, 0x40, 0x03, 0x46, 0x04, 0x00, 0x5d, 0xd6, 0xd2, 0x85, 0x0a, 0x85, 0xef, 0xf0,
    0x0f, 0xca, 0x05, 0x04, 0xc5, 0xbf, 0x13, 0x86, 0x07, 0x03, 0xad, 0xbf, 0x5d, 0x71, 0x32, 0xdc,
    0x2a, 0x86, 0x37, 0x15, 0x20, 0x00, 0x2e, 0xda, 0x36, 0xde, 0x93, 0x05, 0x00, 0x08, 0x54, 0x18,
    0x13, 0x05, 0x05, 0x39, 0x06, 0xd6, 0xba, 0xc0, 0xbe, 0xc2, 0xc2, 0xc4, 0xc6, 0xc6, 0x36, 0xce,
    0x81, 0x3d, 0x2a, 0xc6, 0xef, 0xf0, 0xef, 0xd2, 0xb2, 0x50, 0x32, 0x45, 0x61, 0x61, 0x82, 0x80,
    0x39, 0x71, 0x06, 0xce, 0x22, 0xcc, 0x26, 0xca, 0xfa, 0x76, 0xc2, 0x94, 0x4e, 0x8a, 0xe5, 0x5a,
    0x1e, 0x2d, 0x95, 0x14, 0xe2, 0xba, 0x15, 0xb3, 0x28, 0x99, 0xb3, 0x42, 0xe1, 0x5a, 0xe1, 0x1a,
    0xde, 0x29, 0xeb, 0xc9, 0xf8, 0x25, 0xaa, 0x1f, 0xd8, 0xe0, 0x14, 0x4a, 0xc8, 0x36, 0xd6, 0x3a,
    0xd8, 0x3e, 0xda, 0x42, 0xdc, 0x46, 0xde, 0x91, 0xe1, 0x29, 0x3c, 0x7c, 0x10, 0x3e, 0xc6, 0xb7,
    0x37, 0x20, 0x00, 0x2e, 0x84, 0x83, 0xa5, 0x47, 0x0c, 0x2a, 0x89, 0x37, 0x55, 0x10, 0x00, 0x13,
    0x05, 0x05, 0x04, 0xb2, 0x84, 0x69, 0x3f, 0x37, 0x55, 0x10, 0x00, 0x22, 0x86, 0xca, 0x85, 0x13,
    0x05, 0x85, 0x04, 0x71, 0x37, 0xb2, 0x46, 0x37, 0x15, 0x20, 0x00, 0x26, 0x86, 0x93, 0x05, 0x00,
    0x08, 0x13, 0x05, 0x05, 0x39, 0xfd, 0x33, 0xef, 0xf0, 0xef, 0xcc, 0x37, 0x55, 0x10, 0x00, 0x13,
    0x05, 0x45, 0x05, 0xb5, 0x37, 0xf2, 0x40, 0x62, 0x44, 0xd2, 0x44, 0x42, 0x49, 0x21, 0x61, 0x82,
    0x80, 0x41, 0x11, 0x22, 0xc4, 0x37, 0x14, 0x20, 0x00, 0x13, 0x04, 0x44, 0x01, 0x83, 0x46, 0x94,
    0x07, 0x37, 0x56, 0x10, 0x00, 0xb7, 0x55, 0x10, 0x00, 0x37, 0x55, 0x10, 0x00, 0x13, 0x05, 0xc5,
    0x06, 0x13, 0x06, 0x86, 0x05, 0x93, 0x85, 0x45, 0x06, 0x06, 0xc6, 0xa5, 0x37, 0x03, 0x45, 0x94,
    0x07, 0xb2, 0x40, 0x22, 0x44, 0x41, 0x01, 0x82, 0x80, 0xae, 0x86, 0x37, 0x56, 0x10, 0x00, 0xaa,
    0x85, 0x37, 0x55, 0x10, 0x00, 0x13, 0x06, 0x86, 0x19, 0x13, 0x05, 0x05, 0x07, 0x99, 0xb7, 0x41,
    0x11, 0x22, 0xc4, 0x93, 0x05, 0x05, 0x10, 0x2a, 0x84, 0x37, 0x55, 0x10, 0x00, 0x13, 0x05, 0x45,
    0x07, 0x06, 0xc6, 0xd9, 0x3f, 0x37, 0x37, 0x20, 0x00, 0x13, 0x07, 0x87, 0x0e, 0x14, 0x43, 0x85,
    0x47, 0xb3, 0x97, 0xfa, 0xa6, 0x3d, 0xde, 0x3c, 0x9b, 0x5e, 0x04, 0x17, 0x49, 0x8e, 0xc4, 0xe4,
    0x9e, 0x00, 0x1f, 0x82, 0x72, 0x79, 0x24, 0xa4, 0x03, 0xfe, 0x3d, 0x83, 0xed, 0x91, 0x95, 0xc3,
    0xf6, 0xae, 0xc3, 0x51, 0xb8, 0x15, 0x87, 0x00, 0x93, 0xc7, 0xf7, 0xff, 0xf5, 0x8f, 0x1c, 0xc3,
    0xb2, 0x40, 0x22, 0x44, 0x41, 0x01, 0x82, 0x80, 0x01, 0x11, 0x06, 0xce, 0x22, 0xcc, 0x26, 0xca,
    0x4a, 0xc8, 0x4e, 0xc6, 0x52, 0xc4, 0x56, 0xc2, 0x03, 0x47, 0x15, 0x00, 0x93, 0x07, 0xc0, 0x0f,
    0x63, 0xf3, 0xe7, 0x02, 0x37, 0x55, 0x10, 0x00, 0x13, 0x05, 0xc5, 0x07, 0x8d, 0x45, 0x79, 0x37,
    0x13, 0x05, 0x50, 0x05, 0xf2, 0x40, 0x62, 0x44, 0xd2, 0x44, 0x42, 0x49, 0xb2, 0x49, 0x22, 0x4a,
    0x92, 0x4a, 0x05, 0x61, 0x82, 0x80, 0x37, 0x34, 0x20, 0x00, 0xaa, 0x84, 0x13, 0x05, 0x84, 0xe3,
    0x23, 0x20, 0x05, 0x10, 0x83, 0xc7, 0x04, 0x00, 0x93, 0x85, 0x24, 0x00, 0x09, 0x05, 0x23, 0x0f,
    0xf5, 0xfe, 0x83, 0xc7, 0x14, 0x00, 0x13, 0x0a, 0x84, 0xe3, 0xf5, 0x5a, 0xa3, 0x0f, 0xf5, 0xfe,
    0x03, 0xc6, 0x14, 0x00, 0x13, 0x04, 0x84, 0xe3, 0xef, 0x30, 0x90, 0x5a, 0x83, 0xc4, 0x14, 0x00,
    0x81, 0x45, 0x13, 0x89, 0x24, 0x00, 0xa6, 0x89, 0xfd, 0x19, 0x63, 0x9a, 0x59, 0x03, 0x22, 0x99,
    0x23, 0x00, 0xb9, 0x00, 0x93, 0x87, 0x44, 0x00, 0xa1, 0x81, 0xa2, 0x94, 0xa3, 0x81, 0xb4, 0x00,
    0xfd, 0x56, 0x13, 0xf7, 0x37, 0x00, 0x1d, 0xe3, 0x89, 0x83, 0x23, 0x22, 0xf4, 0x10, 0xb7, 0x37,
    0x20, 0x00, 0x83, 0xa7, 0xc7, 0x0c, 0x8d, 0xe3, 0x13, 0x05, 0xa0, 0x0a, 0xa5, 0xbf, 0x03, 0x45,
    0x0a, 0x00, 0x05, 0x0a, 0xef, 0xf0, 0x2f, 0xac, 0xaa, 0x85, 0x7d, 0xbf, 0x33, 0x07, 0xfa, 0x8b,
    0x62, 0x86, 0xfc, 0x1f, 0xc1, 0xa8, 0x80, 0xcc, 0xb1, 0x25, 0x22, 0x37, 0x7c, 0x99, 0x8e, 0xf0,
    0x70, 0x9e, 0x77, 0x5a, 0xa7, 0x58, 0x05, 0x2e, 0xf8, 0x1d, 0x74, 0xfe, 0xd6, 0xce, 0x65, 0x90,
    0x16, 0xf4, 0x00, 0x23, 0x00, 0xd7, 0x00, 0x85, 0x07, 0xf1, 0xb7, 0xef, 0xf0, 0x6f, 0xa0, 0xb7,
    0x07, 0x00, 0x03, 0x98, 0x4b, 0x13, 0x67, 0x87, 0x00, 0x98, 0xcb, 0x37, 0x07, 0x08, 0x00, 0x98,
    0xc7, 0xb7, 0x37, 0x20, 0x00, 0x03, 0xa5, 0xc7, 0x0e, 0x93, 0x07, 0xa0, 0x0a, 0xe3, 0x1f, 0xf5,
    0xfa, 0x37, 0x07, 0x00, 0x02, 0x7c, 0x43, 0x93, 0xe7, 0x07, 0x08, 0x7c, 0xc3, 0x2d, 0xb7, 0x01,
    0x11, 0x06, 0xce, 0x2a, 0xc6, 0xdd, 0x3d, 0x93, 0x07, 0xa0, 0x0a, 0xb2, 0x45, 0x63, 0x1c, 0xf5,
    0x00, 0xf2, 0x40, 0x37, 0x15, 0x20, 0x00, 0x13, 0x06, 0xe0, 0x0f, 0x13, 0x05, 0x05, 0x09, 0x05,
    0x61, 0x6f, 0x30, 0x30, 0x4f, 0xf2, 0x40, 0x05, 0x61, 0x82, 0x80, 0x41, 0x11, 0x26, 0xc2, 0x06,
    0xc6, 0x22, 0xc4, 0x4a, 0xc0, 0xaa, 0x84, 0xd1, 0x35, 0x93, 0x07, 0xa0, 0x0a, 0x63, 0x11, 0xf5,
    0x04, 0x37, 0x14, 0x20, 0x00, 0x13, 0x09, 0x04, 0x19, 0x83, 0x47, 0x09, 0x00, 0x89, 0xcf, 0x37,
    0x15, 0x20, 0x00, 0x13, 0x06, 0xe0, 0x0f, 0x93, 0x05, 0x04, 0x19, 0x13, 0x05, 0x05, 0x09, 0xef,
    0x30, 0x50, 0x4b, 0x23, 0x00, 0x09, 0x00, 0x13, 0x05, 0x04, 0x19, 0x22, 0x44, 0xb2, 0x40, 0x02,
    0x49, 0xa6, 0x85, 0x92, 0x44, 0x13, 0x06, 0xe0, 0x0f, 0x41, 0x01, 0x6f, 0x30, 0x90, 0x49, 0xb2,
    0x40, 0x22, 0x44, 0x92, 0x44, 0x02, 0x49, 0x41, 0x01, 0x82, 0x80, 0x69, 0x71, 0x08, 0x08, 0x23,
    0x22, 0x91, 0x12, 0x23, 0x20, 0x21, 0x13, 0x23, 0x2c, 0xfa, 0x50, 0x61, 0xde, 0x30, 0xf2, 0x6e,
    0x7d, 0x44, 0x3f, 0x93, 0xae, 0xcb, 0x71, 0xb4, 0xfd, 0x73, 0x2b, 0x1b, 0x75, 0xb0, 0x09, 0x00,
    0x56, 0x3c, 0x4e, 0x48, 0xab, 0x67, 0x11, 0x34, 0x48, 0x05, 0x68, 0x17, 0x41, 0x11, 0x23, 0x26,
    0x11, 0x12, 0x23, 0x24, 0x81, 0x12, 0x23, 0x2e, 0x31, 0x11, 0x23, 0x2a, 0x51, 0x11, 0xef, 0xf0,
    0x3f, 0x91, 0x91, 0x47, 0x37, 0x39, 0x20, 0x00, 0x23, 0x08, 0xf1, 0x00, 0x83, 0x27, 0x49, 0x0d,
    0x37, 0x1a, 0x20, 0x00, 0xb7, 0x34, 0x20, 0x00, 0x13, 0x09, 0x49, 0x0d, 0x13, 0x0a, 0x4a, 0x01,
    0x93, 0x84, 0x04, 0x0d, 0xdd, 0xe3, 0x83, 0x27, 0x4a, 0x07, 0x23, 0xa0, 0x04, 0x00, 0x3d, 0x47,
    0x23, 0x20, 0xf9, 0x00, 0x63, 0x64, 0xf7, 0x00, 0xef, 0xf0, 0x4f, 0xf5, 0xc1, 0x17, 0x09, 0x46,
    0x6c, 0x00, 0x13, 0x05, 0x21, 0x01, 0x3e, 0xc6, 0xef, 0x30, 0xf0, 0x41, 0x89, 0x47, 0xa3, 0x08,
    0xf1, 0x00, 0x93, 0x09, 0x41, 0x01, 0x13, 0x04, 0xe0, 0x07, 0x03, 0x27, 0x09, 0x00, 0x94, 0x40,
    0xb3, 0x07, 0xd7, 0x40, 0x63, 0xf3, 0x87, 0x00, 0x3e, 0x84, 0x37, 0x56, 0x10, 0x00, 0xb7, 0x5a,
    0x10, 0x00, 0x37, 0x55, 0x10, 0x00, 0xa2, 0x87, 0x93, 0x85, 0x0a, 0x09, 0x13, 0x06, 0x06, 0x08,
    0x13, 0x05, 0x85, 0x09, 0xe1, 0x39, 0x8c, 0x40, 0x83, 0x27, 0x4a, 0x07, 0x33, 0x07, 0xb4, 0x00,
    0x63, 0xf2, 0xe7, 0x04, 0x8d, 0x45, 0x13, 0x85, 0x0a, 0x09, 0xa5, 0x33, 0x93, 0x04, 0x50, 0x05,
    0xef, 0xe0, 0x5f, 0xd5, 0xef, 0xf0, 0x6f, 0xdc, 0x83, 0x20, 0xc1, 0x12, 0x03, 0x24, 0x81, 0x12,
    0x03, 0x29, 0x01, 0x12, 0x83, 0x29, 0xc1, 0x11, 0x03, 0x2a, 0x81, 0x11, 0x83, 0x2a, 0x41, 0x11,
    0x26, 0x85, 0x83, 0x24, 0xfa, 0xfc, 0xee, 0x38, 0x18, 0xc8, 0xd6, 0x18, 0x7f, 0x8a, 0xc3, 0x16,
    0xab, 0x13, 0xe7, 0xb0, 0x1a, 0x91, 0xe1, 0x29, 0xdc, 0x86, 0x6a, 0xff, 0xcc, 0xd2, 0xb5, 0x4a,
    0xd6, 0x8e, 0x7b, 0x69, 0xe6, 0x40, 0x18, 0x41, 0x12, 0x55, 0x61, 0x82, 0x80, 0x93, 0x09, 0x21,
    0x01, 0x13, 0x04, 0x00, 0x08, 0x61, 0xb7, 0xb7, 0x07, 0x20, 0x00, 0x93, 0x87, 0x47, 0x01, 0x22,
    0x86, 0xbe, 0x95, 0x4e, 0x85, 0xef, 0x30, 0x50, 0x38, 0x98, 0x40, 0x83, 0x47, 0x11, 0x01, 0x22,
    0x97, 0x3e, 0x94, 0x83, 0x27, 0x09, 0x00, 0x13, 0x74, 0xf4, 0x0f, 0x98, 0xc0, 0xa3, 0x08, 0x81,
    0x00, 0x93, 0x04, 0x50, 0x05, 0x63, 0x17, 0xf7, 0x00, 0x89, 0x47, 0x23, 0x08, 0xf1, 0x00, 0x93,
    0x04, 0xa0, 0x0a, 0x93, 0x07, 0xc0, 0x0f, 0xe3, 0xe2, 0x87, 0xf2, 0x08, 0x08, 0x95, 0x35, 0x71,
    0xb7, 0x6d, 0x71, 0x23, 0x24, 0x81, 0x10, 0x2a, 0x84, 0x0a, 0x85, 0x23, 0x26, 0x11, 0x10, 0xef,
    0xf0, 0x4f, 0xfe, 0x0a, 0x85, 0x23, 0x00, 0x81, 0x00, 0xa1, 0x35, 0x83, 0x20, 0xc1, 0x10, 0x03,
    0x24, 0x81, 0x10, 0x51, 0x61, 0x82, 0x80, 0x41, 0x11, 0xb7, 0x37, 0x20, 0x00, 0x06, 0xc6, 0x22,
    0xc4, 0x26, 0xc2, 0x4a, 0xc0, 0x93, 0x87, 0x87, 0xe3, 0x03, 0xa7, 0x07, 0x10, 0x83, 0xa7, 0x47,
    0x10, 0x63, 0x0b, 0xf7, 0x00, 0x13, 0x04, 0x50, 0x05, 0xb2, 0x40, 0x22, 0x85, 0x22, 0x44, 0x92,
    0x44, 0x02, 0x49, 0x41, 0x01, 0x82, 0x80, 0xef, 0xf0, 0x6f, 0x80, 0x93, 0x07, 0xa0, 0x0a, 0x2a,
    0x84, 0xe3, 0x12, 0xf5, 0xfe, 0xb7, 0x37, 0x20, 0x00, 0x83, 0xa7, 0x07, 0x09, 0xe1, 0xff, 0xb7,
    0x37, 0x20, 0x00, 0x83, 0xa6, 0x87, 0x05, 0xb7, 0x15, 0x20, 0x00, 0x13, 0x89, 0x05, 0x19, 0xfa,
    0x8b, 0x89, 0x40, 0x0b, 0xe9, 0x85, 0x5a, 0x7a, 0x40, 0x8d, 0x75, 0xc5, 0xb2, 0xa4, 0xa7, 0x36,
    0xeb, 0xc4, 0xd0, 0x9b, 0xf4, 0x8b, 0x08, 0xa7, 0x1d, 0xba, 0xb2, 0x71, 0x67, 0x96, 0x0e, 0x71,
    0x18, 0x19, 0x03, 0x47, 0x09, 0x00, 0x93, 0x84, 0x87, 0x05, 0x63, 0x9a, 0xa6, 0x00, 0x01, 0xc7,
    0x13, 0x85, 0x05, 0x19, 0x45, 0x31, 0x93, 0x07, 0x50, 0x05, 0x9c, 0xc0, 0x75, 0xb7, 0x5d, 0xd7,
    0x37, 0x15, 0x20, 0x00, 0x13, 0x06, 0xe0, 0x0f, 0x93, 0x85, 0x05, 0x19, 0x13, 0x05, 0x05, 0x09,
    0xef, 0x30, 0xd0, 0x29, 0x23, 0x00, 0x09, 0x00, 0x51, 0xbf, 0x41, 0x11, 0x22, 0xc4, 0x06, 0xc6,
    0x26, 0xc2, 0x37, 0x04, 0x00, 0x02, 0x1c, 0x44, 0x37, 0x37, 0x20, 0x00, 0x93, 0xe7, 0x47, 0x00,
    0x1c, 0xc4, 0xb7, 0x07, 0x00, 0x03, 0x94, 0x4b, 0x23, 0x2a, 0xd7, 0x0a, 0x23, 0xa8, 0x07, 0x00,
    0xa9, 0x37, 0x93, 0x07, 0xa0, 0x0a, 0x63, 0x11, 0xf5, 0x02, 0xaa, 0x84, 0xef, 0xe0, 0xdf, 0xf5,
    0x63, 0x1c, 0x95, 0x00, 0x1c, 0x44, 0xb7, 0x06, 0x00, 0x03, 0x37, 0x07, 0x08, 0x00, 0xf9, 0x9b,
    0x1c, 0xc4, 0x9c, 0x46, 0xf9, 0x8f, 0xf5, 0xff, 0xb2, 0x40, 0x22, 0x44, 0x92, 0x44, 0x41, 0x01,
    0x82, 0x80, 0x41, 0x11, 0x06, 0xc6, 0xb7, 0x06, 0x08, 0x05, 0x83, 0xa7, 0xc6, 0x20, 0x37, 0x07,
    0x80, 0x6b, 0x7d, 0x8f, 0x0d, 0xc3, 0x23, 0xa6, 0xe6, 0x20, 0x37, 0x07, 0x00, 0x68, 0xf9, 0x8f,
    0x13, 0x05, 0x50, 0x05, 0x85, 0xcb, 0x37, 0x55, 0x10, 0x00, 0x9d, 0x45, 0x13, 0x05, 0xc5, 0x09,
    0x65, 0x36, 0xef, 0xf0, 0x0f, 0xd3, 0xb7, 0x37, 0x20, 0x00, 0x93, 0x87, 0x87, 0x06, 0x94, 0x43,
    0x13, 0x07, 0xa0, 0x0a, 0x13, 0x05, 0xa0, 0x0a, 0x63, 0x96, 0xfa, 0x3a, 0xd8, 0xfa, 0xeb, 0x0e,
    0xf3, 0x0c, 0x20, 0xc8, 0x82, 0x50, 0x92, 0x48, 0x4d, 0xcc, 0x9d, 0x96, 0x5e, 0x4c, 0xde, 0xf0,
    0x26, 0x3b, 0x99, 0x78, 0x4b, 0xf5, 0xe4, 0x41, 0x87, 0xa3, 0x38, 0xf0, 0x19, 0xe6, 0x00, 0x13,
    0x07, 0x50, 0x05, 0x98, 0xc3, 0xc5, 0xb7, 0xb2, 0x40, 0x41, 0x01, 0x82, 0x80, 0x81, 0x47, 0xb7,
    0x05, 0x08, 0x05, 0x13, 0x07, 0x00, 0x20, 0xb3, 0x86, 0xb7, 0x00, 0x90, 0x42, 0xb3, 0x06, 0xf5,
    0x00, 0x91, 0x07, 0x90, 0xc2, 0xe3, 0x99, 0xe7, 0xfe, 0x71, 0xb7, 0x5d, 0x71, 0x26, 0xdc, 0x3e,
    0xd0, 0x86, 0xc6, 0x96, 0xc4, 0x9a, 0xc2, 0x9e, 0xc0, 0x22, 0xde, 0x2a, 0xda, 0x2e, 0xd8, 0x32,
    0xd6, 0x36, 0xd4, 0x3a, 0xd2, 0x42, 0xce, 0x46, 0xcc, 0x4a, 0xca, 0x72, 0xc8, 0x76, 0xc6, 0x7a,
    0xc4, 0x7e, 0xc2, 0xb7, 0x07, 0x08, 0x05, 0x03, 0xa4, 0xc7, 0x20, 0xb7, 0x04, 0x40, 0x6c, 0xe1,
    0x8c, 0xb9, 0xe0, 0x37, 0x55, 0x10, 0x00, 0x89, 0x45, 0x13, 0x05, 0xc5, 0x09, 0x39, 0x3e, 0xb7,
    0x07, 0x02, 0x00, 0x73, 0xb0, 0x47, 0x30, 0xef, 0xf0, 0x0f, 0x93, 0x72, 0x54, 0xb6, 0x40, 0xa6,
    0x42, 0x16, 0x43, 0x86, 0x43, 0xe2, 0x54, 0x52, 0x55, 0xc2, 0x55, 0x32, 0x56, 0xa2, 0x56, 0x12,
    0x57, 0x82, 0x57, 0x72, 0x48, 0xe2, 0x48, 0x52, 0x49, 0x42, 0x4e, 0xb2, 0x4e, 0x22, 0x4f, 0x92,
    0x4f, 0x61, 0x61, 0x73, 0x00, 0x20, 0x30, 0xb7, 0x07, 0x00, 0x40, 0xe1, 0x8f, 0x13, 0x09, 0x50,
    0x05, 0x89, 0xcb, 0x37, 0x55, 0x10, 0x00, 0xad, 0x45, 0x13, 0x05, 0xc5, 0x09, 0xf9, 0x34, 0x13,
    0x09, 0xa0, 0x0a, 0xb7, 0x07, 0x00, 0x20, 0xe1, 0x8f, 0x89, 0xcb, 0x37, 0x55, 0x10, 0x00, 0xa9,
    0x45, 0x13, 0x05, 0xc5, 0x09, 0xfa, 0xce, 0x6a, 0xf0, 0x97, 0xc4, 0xf7, 0x75, 0x21, 0xf7, 0xe4,
    0xe5, 0x52, 0x36, 0x86, 0x87, 0xbd, 0x4a, 0x5a, 0x1e, 0x9c, 0x74, 0x29, 0x2a, 0x48, 0x39, 0x0c,
    0xf0, 0x7c, 0x98, 0xb6, 0x68, 0x89, 0xc8, 0x1a, 0x5d, 0x3c, 0x13, 0x09, 0xa0, 0x0a, 0xb7, 0x07,
    0x00, 0x08, 0xe1, 0x8f, 0x89, 0xcb, 0x37, 0x55, 0x10, 0x00, 0x85, 0x45, 0x13, 0x05, 0xc5, 0x09,
    0x79, 0x3c, 0x13, 0x09, 0xa0, 0x0a, 0xb7, 0x07, 0x00, 0x04, 0xe1, 0x8f, 0x99, 0xc7, 0x37, 0x55,
    0x10, 0x00, 0xa5, 0x45, 0x13, 0x05, 0xc5, 0x09, 0x59, 0x34, 0xb7, 0x07, 0x40, 0x00, 0x7d, 0x8c,
    0x19, 0xc4, 0xb7, 0x37, 0x20, 0x00, 0x13, 0x07, 0xa0, 0x0a, 0x23, 0xa2, 0xe7, 0x06, 0x93, 0x07,
    0x50, 0x05, 0x63, 0x0a, 0xf9, 0x00, 0xb7, 0x37, 0x20, 0x00, 0x13, 0x07, 0xa0, 0x0a, 0x23, 0xa4,
    0xe7, 0x06, 0xef, 0xf0, 0x8f, 0x87, 0xb7, 0x07, 0x08, 0x05, 0x23, 0xa6, 0x97, 0x20, 0x81, 0xb7,
    0x39, 0x71, 0x2a, 0xd6, 0x37, 0x55, 0x10, 0x00, 0x2e, 0xd4, 0x13, 0x05, 0x05, 0x0a, 0x85, 0x45,
    0x06, 0xde, 0x16, 0xdc, 0x1a, 0xda, 0x1e, 0xd8, 0x32, 0xd2, 0x36, 0xd0, 0x3a, 0xce, 0x3e, 0xcc,
    0x42, 0xca, 0x46, 0xc8, 0x72, 0xc6, 0x76, 0xc4, 0x7a, 0xc2, 0x7e, 0xc0, 0xef, 0xf0, 0x3f, 0xa2,
    0xef, 0xf0, 0xaf, 0x83, 0xf2, 0x50, 0xe2, 0x52, 0x52, 0x53, 0xc2, 0x53, 0x32, 0x55, 0xa2, 0x55,
    0x12, 0x56, 0x82, 0x56, 0x72, 0x47, 0xe2, 0x47, 0x52, 0x48, 0xc2, 0x48, 0x32, 0x4e, 0xa2, 0x4e,
    0x12, 0x4f, 0x82, 0x4f, 0x21, 0x61, 0x73, 0x00, 0x20, 0x30, 0x39, 0x71, 0x06, 0xde, 0x16, 0xdc,
    0x1a, 0xda, 0x1e, 0xd8, 0x2a, 0xd6, 0x2e, 0xd4, 0x32, 0xd2, 0x36, 0xd0, 0x3a, 0xce, 0x3e, 0xcc,
    0xfa, 0x23, 0x73, 0x53, 0x5e, 0x62, 0xd1, 0x85, 0x36, 0x85, 0x6a, 0x21, 0x96, 0x9b, 0xbd, 0xbd,
    0x82, 0x51, 0x1a, 0x71, 0xdc, 0x1f, 0x76, 0xb3, 0x0d, 0x3c, 0x13, 0x5b, 0x0e, 0x65, 0x06, 0xac,
    0x40, 0xa0, 0x1b, 0x42, 0xca, 0x46, 0xc8, 0x72, 0xc6, 0x76, 0xc4, 0x7a, 0xc2, 0x7e, 0xc0, 0xf3,
    0x25, 0x20, 0x34, 0xc1, 0x67, 0x37, 0x55, 0x10, 0x00, 0xdd, 0x8d, 0x13, 0x05, 0x05, 0x0a, 0xef,
    0xf0, 0x3f, 0x9c, 0xef, 0xe0, 0xbf, 0xfd, 0x01, 0xa0, 0x39, 0x71, 0x2a, 0xd6, 0x37, 0x55, 0x10,
    0x00, 0x2e, 0xd4, 0x13, 0x05, 0x05, 0x0a, 0x89, 0x45, 0x06, 0xde, 0x16, 0xdc, 0x1a, 0xda, 0x1e,
    0xd8, 0x32, 0xd2, 0x36, 0xd0, 0x3a, 0xce, 0x3e, 0xcc, 0x42, 0xca, 0x46, 0xc8, 0x72, 0xc6, 0x76,
    0xc4, 0x7a, 0xc2, 0x7e, 0xc0, 0xef, 0xf0, 0xdf, 0x98, 0xef, 0xe0, 0x5f, 0xfa, 0xf2, 0x50, 0xe2,
    0x52, 0x52, 0x53, 0xc2, 0x53, 0x32, 0x55, 0xa2, 0x55, 0x12, 0x56, 0x82, 0x56, 0x72, 0x47, 0xe2,
    0x47, 0x52, 0x48, 0xc2, 0x48, 0x32, 0x4e, 0xa2, 0x4e, 0x12, 0x4f, 0x82, 0x4f, 0x21, 0x61, 0x73,
    0x00, 0x20, 0x30, 0x39, 0x71, 0x3a, 0xce, 0x06, 0xde, 0x16, 0xdc, 0x1a, 0xda, 0x1e, 0xd8, 0x2a,
    0xd6, 0x2e, 0xd4, 0x32, 0xd2, 0x36, 0xd0, 0x3e, 0xcc, 0x42, 0xca, 0x46, 0xc8, 0x72, 0xc6, 0x76,
    0xc4, 0x7a, 0xc2, 0x7e, 0xc0, 0x37, 0x27, 0x00, 0x06, 0x1c, 0x47, 0xa1, 0x8b, 0x85, 0xcf, 0xa1,
    0x47, 0x1c, 0xc7, 0xb7, 0x37, 0x20, 0x00, 0x13, 0x07, 0xa0, 0x0a, 0x23, 0xa6, 0xe7, 0x06, 0xf2,
    0x50, 0xe2, 0x52, 0x52, 0x53, 0xc2, 0x53, 0x32, 0x55, 0xa2, 0x55, 0x12, 0x56, 0x82, 0x56, 0x72,
    0x47, 0xe2, 0x47, 0x52, 0x48, 0xc2, 0x48, 0x32, 0x4e, 0xa2, 0x4e, 0xfa, 0x15, 0xf6, 0x51, 0x7c,
    0x79, 0x41, 0x45, 0x5e, 0x68, 0x53, 0x08, 0x0e, 0x24, 0xc7, 0x0b, 0xa7, 0xf6, 0xb1, 0xef, 0xb2,
    0x1f, 0xe3, 0x14, 0xa3, 0x48, 0xbc, 0xa1, 0x41, 0x93, 0xb9, 0x8d, 0x7f, 0x78, 0x1c, 0x12, 0x4f,
    0x82, 0x4f, 0x21, 0x61, 0x73, 0x00, 0x20, 0x30, 0x37, 0x55, 0x10, 0x00, 0x85, 0x45, 0x13, 0x05,
    0x45, 0x0a, 0xef, 0xf0, 0x3f, 0x8f, 0xef, 0xe0, 0xbf, 0xf0, 0xe1, 0xb7, 0x39, 0x71, 0x36, 0xd0,
    0x3a, 0xce, 0x3e, 0xcc, 0x06, 0xde, 0x16, 0xdc, 0x1a, 0xda, 0x1e, 0xd8, 0x2a, 0xd6, 0x2e, 0xd4,
    0x32, 0xd2, 0x42, 0xca, 0x46, 0xc8, 0x72, 0xc6, 0x76, 0xc4, 0x7a, 0xc2, 0x7e, 0xc0, 0xb7, 0x07,
    0x00, 0x04, 0x05, 0x47, 0xd8, 0xc7, 0xb7, 0x07, 0x20, 0x00, 0x93, 0x87, 0x07, 0x00, 0xd8, 0x43,
    0x89, 0x46, 0x7d, 0x17, 0x63, 0xfe, 0xe6, 0x02, 0x37, 0x55, 0x10, 0x00, 0x85, 0x45, 0x13, 0x05,
    0x85, 0x0a, 0xef, 0xf0, 0x3f, 0x8a, 0xef, 0xe0, 0xbf, 0xeb, 0xf2, 0x50, 0xe2, 0x52, 0x52, 0x53,
    0xc2, 0x53, 0x32, 0x55, 0xa2, 0x55, 0x12, 0x56, 0x82, 0x56, 0x72, 0x47, 0xe2, 0x47, 0x52, 0x48,
    0xc2, 0x48, 0x32, 0x4e, 0xa2, 0x4e, 0x12, 0x4f, 0x82, 0x4f, 0x21, 0x61, 0x73, 0x00, 0x20, 0x30,
    0x13, 0x07, 0xa0, 0x0a, 0x98, 0xcb, 0xd1, 0xbf, 0x01, 0x11, 0x26, 0xca, 0xb7, 0x34, 0x20, 0x00,
    0x06, 0xce, 0x22, 0xcc, 0x4a, 0xc8, 0x4e, 0xc6, 0x52, 0xc4, 0x56, 0xc2, 0x93, 0x87, 0x04, 0x09,
    0x9c, 0x43, 0x11, 0x47, 0x63, 0x6e, 0xf7, 0x0e, 0x37, 0x57, 0x10, 0x00, 0x8a, 0x07, 0x13, 0x07,
    0x87, 0x0c, 0xba, 0x97, 0x9c, 0x43, 0x2a, 0x84, 0x93, 0x84, 0x04, 0x09, 0x82, 0x87, 0x81, 0x45,
    0xef, 0xe0, 0xff, 0xbf, 0xb7, 0x37, 0xfa, 0x7d, 0xff, 0xb2, 0x44, 0x41, 0x47, 0xf8, 0x4c, 0xd2,
    0xf8, 0x87, 0x05, 0xa4, 0x51, 0x92, 0xc1, 0x6a, 0x81, 0xe5, 0x03, 0xa3, 0xa5, 0xe4, 0x17, 0x0d,
    0xbe, 0x4f, 0x68, 0xb7, 0x43, 0x2f, 0xd5, 0x50, 0x1d, 0x20, 0x00, 0x23, 0x90, 0xa7, 0x0e, 0xb7,
    0x17, 0x20, 0x00, 0x23, 0x88, 0x87, 0x28, 0xef, 0xe0, 0xbf, 0xbb, 0x9c, 0x40, 0x85, 0x07, 0x91,
    0xa8, 0xb7, 0x37, 0x20, 0x00, 0x23, 0xa8, 0x07, 0x0e, 0x93, 0x07, 0xc0, 0x0f, 0x63, 0xf3, 0xa7,
    0x02, 0x62, 0x44, 0x9d, 0x47, 0xf2, 0x40, 0x42, 0x49, 0xb2, 0x49, 0x22, 0x4a, 0x92, 0x4a, 0x9c,
    0xc0, 0xd2, 0x44, 0x37, 0x55, 0x10, 0x00, 0x85, 0x45, 0x13, 0x05, 0xc5, 0x07, 0x05, 0x61, 0x6f,
    0xf0, 0x8f, 0xfe, 0x37, 0x39, 0x20, 0x00, 0x13, 0x09, 0x09, 0x0e, 0x83, 0x55, 0x09, 0x00, 0xef,
    0xe0, 0x3f, 0xba, 0xb7, 0x17, 0x20, 0x00, 0xa3, 0x88, 0x87, 0x28, 0x23, 0x10, 0xa9, 0x00, 0x8d,
    0x47, 0x4d, 0xf4, 0x9c, 0xc0, 0xbd, 0xa0, 0x37, 0x3a, 0x20, 0x00, 0x13, 0x0a, 0x0a, 0x0f, 0x03,
    0x29, 0x0a, 0x00, 0x93, 0x07, 0xb0, 0x0f, 0x63, 0xf5, 0x27, 0x03, 0x37, 0x55, 0x10, 0x00, 0x9d,
    0x47, 0x91, 0x45, 0x13, 0x05, 0xc5, 0x07, 0x9c, 0xc0, 0xef, 0xf0, 0xef, 0xf9, 0x62, 0x44, 0xf2,
    0x40, 0xd2, 0x44, 0x42, 0x49, 0xb2, 0x49, 0x22, 0x4a, 0x92, 0x4a, 0x05, 0x61, 0x6f, 0xe0, 0x7f,
    0xda, 0xb7, 0x3a, 0x20, 0x00, 0x93, 0x8a, 0x0a, 0x0e, 0xb7, 0x19, 0x20, 0x00, 0x83, 0xd5, 0x0a,
    0x00, 0x93, 0x89, 0x09, 0x29, 0xb3, 0x87, 0x29, 0x01, 0x23, 0x81, 0xa7, 0x00, 0xef, 0xe0, 0x5f,
    0xb3, 0x83, 0xc7, 0x19, 0x00, 0x05, 0x09, 0x23, 0x90, 0xaa, 0x00, 0x23, 0x20, 0x2a, 0x01, 0xe3,
    0x7e, 0xfa, 0xfa, 0xe0, 0x9b, 0x62, 0xe1, 0x15, 0x3c, 0x95, 0x2d, 0x4c, 0x2d, 0x7f, 0xe4, 0xbc,
    0x75, 0x4a, 0x1c, 0xc7, 0x29, 0xf4, 0x1d, 0xfe, 0x3e, 0x9c, 0xdc, 0x28, 0x8f, 0x91, 0x87, 0x67,
    0x55, 0xe4, 0x28, 0x1e, 0xf9, 0xf2, 0xf2, 0x40, 0x62, 0x44, 0xd2, 0x44, 0x42, 0x49, 0xb2, 0x49,
    0x22, 0x4a, 0x92, 0x4a, 0x05, 0x61, 0x82, 0x80, 0xb7, 0x37, 0x20, 0x00, 0x23, 0x91, 0xa7, 0x0e,
    0x39, 0xbf, 0x37, 0x39, 0x20, 0x00, 0x13, 0x09, 0x29, 0x0e, 0x13, 0x14, 0x85, 0x00, 0xb7, 0x39,
    0x20, 0x00, 0x03, 0x55, 0x09, 0x00, 0x93, 0x89, 0x09, 0x0e, 0x83, 0xd7, 0x09, 0x00, 0x49, 0x8c,
    0x23, 0x10, 0x89, 0x00, 0xe3, 0x8d, 0x87, 0xee, 0x37, 0x54, 0x10, 0x00, 0x13, 0x05, 0xc4, 0x07,
    0x99, 0x47, 0x89, 0x45, 0x9c, 0xc0, 0xef, 0xf0, 0x4f, 0xf0, 0x93, 0x05, 0xc4, 0x07, 0x62, 0x44,
    0x03, 0xd7, 0x09, 0x00, 0x83, 0x56, 0x09, 0x00, 0xf2, 0x40, 0xd2, 0x44, 0x42, 0x49, 0xb2, 0x49,
    0x22, 0x4a, 0x92, 0x4a, 0x37, 0x56, 0x10, 0x00, 0x37, 0x55, 0x10, 0x00, 0x13, 0x06, 0xc6, 0x0a,
    0x13, 0x05, 0xc5, 0x06, 0x05, 0x61, 0x6f, 0xf0, 0xef, 0xe2, 0x01, 0x11, 0x22, 0xcc, 0x26, 0xca,
    0x4a, 0xc8, 0x4e, 0xc6, 0x52, 0xc4, 0x06, 0xce, 0x37, 0x07, 0x20, 0x01, 0x5c, 0x43, 0x2a, 0x84,
    0xae, 0x84, 0x93, 0xe7, 0x17, 0x00, 0x5c, 0xc3, 0x13, 0x09, 0xa0, 0x0a, 0xb7, 0x09, 0x20, 0x01,
    0x13, 0x0a, 0x80, 0x3e, 0x02, 0x94, 0x63, 0x0c, 0x25, 0x03, 0x83, 0xa7, 0x89, 0x01, 0x63, 0xf7,
    0xf4, 0x04, 0xb7, 0x54, 0x10, 0x00, 0x85, 0x45, 0x13, 0x85, 0xc4, 0x0d, 0xef, 0xf0, 0xef, 0xe8,
    0x37, 0x56, 0x10, 0x00, 0x37, 0x55, 0x10, 0x00, 0x13, 0x05, 0xc5, 0x06, 0xfa, 0x08, 0x87, 0xe7,
    0x34, 0x3b, 0xf9, 0xaf, 0xef, 0x44, 0x9c, 0xde, 0xcc, 0xee, 0xca, 0x1a, 0xbd, 0xdf, 0xf4, 0x78,
    0x7f, 0x30, 0x0e, 0x72, 0xb6, 0x8a, 0x52, 0x4d, 0x29, 0x76, 0x06, 0x8e, 0x3d, 0x00, 0x1f, 0xa2,
    0x86, 0x13, 0x06, 0x06, 0x0e, 0x93, 0x85, 0xc4, 0x0d, 0xef, 0xf0, 0xef, 0xdc, 0x13, 0x05, 0x50,
    0x05, 0xb7, 0x07, 0x20, 0x01, 0xd8, 0x43, 0x79, 0x9b, 0xd8, 0xc3, 0x23, 0xac, 0x07, 0x00, 0xf2,
    0x40, 0x62, 0x44, 0xd2, 0x44, 0x42, 0x49, 0xb2, 0x49, 0x22, 0x4a, 0x05, 0x61, 0x82, 0x80, 0xe3,
    0x74, 0x9a, 0xfa, 0x73, 0x00, 0x50, 0x10, 0x45, 0xb7, 0x41, 0x11, 0x06, 0xc6, 0x85, 0x3f, 0x93,
    0x07, 0xa0, 0x0a, 0x63, 0x04, 0xf5, 0x00, 0xef, 0xe0, 0x1f, 0xfc, 0xb2, 0x40, 0x41, 0x01, 0x82,
    0x80, 0x89, 0x65, 0x37, 0x05, 0x10, 0x00, 0x93, 0x85, 0x05, 0x71, 0x13, 0x05, 0x45, 0x34, 0xe9,
    0xbf, 0x13, 0x07, 0x45, 0x00, 0xb7, 0x07, 0x08, 0x00, 0x63, 0x71, 0xf7, 0x04, 0x41, 0x11, 0x22,
    0xc4, 0x93, 0x77, 0x35, 0x00, 0x06, 0xc6, 0x2a, 0x84, 0x01, 0x45, 0x85, 0xe7, 0xd1, 0x3f, 0xb7,
    0x37, 0x20, 0x00, 0x93, 0x87, 0x07, 0x06, 0x98, 0x43, 0xb7, 0x06, 0x08, 0x05, 0x37, 0x05, 0x00,
    0x05, 0x13, 0x67, 0x27, 0x00, 0x23, 0xa2, 0xe6, 0x20, 0x9c, 0x43, 0x2a, 0x94, 0x08, 0x40, 0x23,
    0xa2, 0xf6, 0x20, 0xb2, 0x40, 0x22, 0x44, 0x41, 0x01, 0x82, 0x80, 0x01, 0x45, 0x82, 0x80, 0x41,
    0x11, 0x06, 0xc6, 0x22, 0xc4, 0x2a, 0x84, 0x69, 0x3f, 0xb7, 0x37, 0x20, 0x00, 0x13, 0x07, 0x50,
    0x05, 0x23, 0xa2, 0xe7, 0x06, 0x8d, 0x47, 0x33, 0x95, 0x87, 0x00, 0xb7, 0xb7, 0xaa, 0x02, 0x93,
    0x87, 0xa7, 0xaa, 0x3d, 0x8d, 0xb7, 0x07, 0xfa, 0xd6, 0x38, 0xd7, 0xbf, 0xff, 0xc6, 0x9f, 0x3f,
    0x37, 0xe5, 0x1c, 0xb0, 0xf9, 0x64, 0x4a, 0xd7, 0xde, 0xdb, 0x63, 0x5e, 0xef, 0x05, 0x96, 0xa0,
    0x69, 0x60, 0xa8, 0x2b, 0x89, 0x89, 0xed, 0x0a, 0xd8, 0x1f, 0x08, 0x05, 0x23, 0xa4, 0xa7, 0x20,
    0x89, 0x65, 0x37, 0x05, 0x10, 0x00, 0x93, 0x85, 0x05, 0x71, 0x13, 0x05, 0x45, 0x32, 0xb9, 0x37,
    0x22, 0x44, 0xb2, 0x40, 0x41, 0x01, 0x6f, 0xf0, 0x5f, 0x9b, 0x01, 0x11, 0x22, 0xcc, 0x37, 0x34,
    0x20, 0x00, 0x13, 0x04, 0x04, 0x06, 0x1c, 0x40, 0x06, 0xce, 0x26, 0xca, 0x93, 0xf7, 0xf7, 0xfd,
    0x4a, 0xc8, 0x4e, 0xc6, 0x1c, 0xc0, 0xb7, 0x04, 0x08, 0x05, 0x23, 0xa2, 0xf4, 0x20, 0xae, 0x89,
    0x2a, 0x89, 0x0d, 0x3f, 0x39, 0x45, 0x23, 0xac, 0x34, 0x21, 0x61, 0x37, 0x4a, 0x85, 0xef, 0xf0,
    0x5f, 0x9d, 0x1c, 0x40, 0x13, 0x05, 0xa0, 0x0a, 0x93, 0xe7, 0x07, 0x02, 0x1c, 0xc0, 0x23, 0xa2,
    0xf4, 0x20, 0xf2, 0x40, 0x62, 0x44, 0xd2, 0x44, 0x42, 0x49, 0xb2, 0x49, 0x05, 0x61, 0x82, 0x80,
    0x13, 0x01, 0x01, 0xde, 0x23, 0x2c, 0x81, 0x20, 0x2e, 0x84, 0xaa, 0x05, 0x23, 0x28, 0x21, 0x21,
    0x93, 0x85, 0x05, 0x20, 0x2a, 0x89, 0x08, 0x08, 0x23, 0x2e, 0x11, 0x20, 0x23, 0x2a, 0x91, 0x20,
    0x69, 0x37, 0x93, 0x07, 0xa0, 0x0a, 0x63, 0x15, 0xf5, 0x04, 0xaa, 0x84, 0x08, 0x08, 0xef, 0xe0,
    0x4f, 0xd6, 0x63, 0x01, 0x95, 0x02, 0x22, 0x85, 0xef, 0xf0, 0xef, 0xd0, 0x09, 0x45, 0x83, 0x20,
    0xc1, 0x21, 0x03, 0x24, 0x81, 0x21, 0x83, 0x24, 0x41, 0x21, 0x03, 0x29, 0x01, 0x21, 0x13, 0x01,
    0x01, 0x22, 0x82, 0x80, 0x42, 0x44, 0x08, 0x08, 0x22, 0xc6, 0xef, 0xe0, 0x6f, 0xd0, 0x09, 0x8c,
    0x11, 0x46, 0xfa, 0x8a, 0xfa, 0x78, 0x1d, 0x06, 0xda, 0x92, 0x6d, 0x75, 0xff, 0x0e, 0x58, 0x9f,
    0x0a, 0x39, 0xea, 0x9e, 0xaa, 0x0b, 0x4a, 0x6e, 0x4e, 0x01, 0x4d, 0x74, 0x17, 0x4b, 0xf2, 0xa5,
    0xcf, 0x02, 0x08, 0xb0, 0x20, 0x6c, 0x00, 0x4a, 0x85, 0x22, 0xc6, 0xef, 0x30, 0xc0, 0x32, 0x05,
    0x45, 0xc1, 0xbf, 0x01, 0x45, 0xf1, 0xb7, 0xb7, 0x07, 0x08, 0x00, 0x63, 0x7d, 0xf5, 0x02, 0x41,
    0x11, 0x22, 0xc4, 0x06, 0xc6, 0x26, 0xc2, 0x93, 0x77, 0x35, 0x00, 0x2a, 0x84, 0x99, 0xef, 0xae,
    0x84, 0x9d, 0x3d, 0xb7, 0x07, 0x08, 0x05, 0x23, 0xac, 0x87, 0x20, 0x23, 0xaa, 0x97, 0x20, 0x22,
    0x44, 0xb2, 0x40, 0x92, 0x44, 0x01, 0x45, 0x41, 0x01, 0x75, 0xbd, 0xb2, 0x40, 0x22, 0x44, 0x92,
    0x44, 0x41, 0x01, 0x82, 0x80, 0x82, 0x80, 0x41, 0x11, 0x22, 0xc4, 0x26, 0xc2, 0x06, 0xc6, 0xaa,
    0x84, 0x2e, 0x84, 0x55, 0x3f, 0x26, 0x85, 0x81, 0x3d, 0x63, 0x09, 0x85, 0x00, 0x13, 0x05, 0x50,
    0x05, 0xb2, 0x40, 0x22, 0x44, 0x92, 0x44, 0x41, 0x01, 0x82, 0x80, 0x13, 0x05, 0xa0, 0x0a, 0xcd,
    0xbf, 0x41, 0x11, 0x22, 0xc4, 0x06, 0xc6, 0x2a, 0x84, 0x39, 0x3d, 0xb7, 0x07, 0x08, 0x05, 0x23,
    0xac, 0x87, 0x20, 0x22, 0x44, 0xb2, 0x40, 0x21, 0x45, 0x41, 0x01, 0xad, 0xb5, 0x41, 0x11, 0x22,
    0xc4, 0x06, 0xc6, 0x2a, 0x84, 0x09, 0x35, 0xb7, 0x07, 0x08, 0x05, 0x23, 0xac, 0x87, 0x20, 0x22,
    0x44, 0xb2, 0x40, 0x09, 0x45, 0x41, 0x01, 0xb9, 0xb5, 0x41, 0x11, 0x22, 0xc4, 0x26, 0xc2, 0x06,
    0xc6, 0x2a, 0x84, 0x93, 0x04, 0xa0, 0x0a, 0x6d, 0x3f, 0x63, 0x19, 0x95, 0x00, 0x13, 0x05, 0xa0,
    0x0a, 0xb2, 0x40, 0x22, 0x44, 0x92, 0x44, 0x41, 0x01, 0x82, 0x80, 0x22, 0x85, 0xfa, 0xea, 0x72,
    0x45, 0x49, 0x2e, 0x1d, 0x71, 0xa2, 0xa6, 0x46, 0xb7, 0x74, 0xf6, 0x4e, 0x79, 0xfc, 0xb0, 0x15,
    0x75, 0x78, 0x40, 0xc6, 0xe4, 0x95, 0x2c, 0xca, 0x55, 0xd7, 0x91, 0x5b, 0x88, 0xa4, 0x88, 0x21,
    0xc1, 0x37, 0x22, 0x85, 0x45, 0x37, 0xe3, 0x05, 0x95, 0xfe, 0x37, 0x55, 0x10, 0x00, 0x13, 0x05,
    0x45, 0x07, 0x85, 0x45, 0xef, 0xf0, 0x2f, 0xbe, 0x13, 0x05, 0x50, 0x05, 0xe1, 0xbf, 0x41, 0x11,
    0x06, 0xc6, 0x22, 0xc4, 0x26, 0xc2, 0x4a, 0xc0, 0x03, 0xa9, 0x05, 0x00, 0x2e, 0x84, 0xaa, 0x84,
    0x41, 0x3f, 0xca, 0x85, 0x26, 0x85, 0x11, 0x37, 0x49, 0x3b, 0xb7, 0x07, 0x08, 0x05, 0x23, 0xac,
    0x97, 0x20, 0x39, 0x45, 0xd5, 0x33, 0x22, 0x85, 0xef, 0xf0, 0x1f, 0x83, 0x1c, 0x40, 0x63, 0x95,
    0x27, 0x03, 0x93, 0x07, 0x44, 0x00, 0x7d, 0x57, 0x13, 0x04, 0x04, 0x20, 0x94, 0x43, 0x63, 0x9d,
    0xe6, 0x00, 0x91, 0x07, 0xe3, 0x9c, 0x87, 0xfe, 0x13, 0x05, 0xa0, 0x0a, 0xb2, 0x40, 0x22, 0x44,
    0x92, 0x44, 0x02, 0x49, 0x41, 0x01, 0x82, 0x80, 0x13, 0x05, 0x50, 0x05, 0xc5, 0xbf, 0x13, 0x01,
    0x01, 0xde, 0x23, 0x26, 0x31, 0x21, 0x93, 0x19, 0xa5, 0x00, 0x23, 0x2a, 0x91, 0x20, 0x93, 0x84,
    0x09, 0x20, 0x23, 0x2c, 0x81, 0x20, 0xa6, 0x85, 0x2a, 0x84, 0x0a, 0x85, 0x23, 0x2e, 0x11, 0x20,
    0x23, 0x28, 0x21, 0x21, 0xf1, 0x33, 0x93, 0x07, 0xa0, 0x0a, 0x63, 0x00, 0xf5, 0x02, 0x01, 0x45,
    0x83, 0x20, 0xc1, 0x21, 0x03, 0x24, 0x81, 0x21, 0x83, 0x24, 0x41, 0x21, 0x03, 0x29, 0x01, 0x21,
    0x83, 0x29, 0xc1, 0x20, 0x13, 0x01, 0x01, 0x22, 0x82, 0x80, 0x2a, 0x89, 0x0a, 0x85, 0xef, 0xe0,
    0xaf, 0xb8, 0x63, 0x07, 0x25, 0x01, 0x22, 0x85, 0xfa, 0x7a, 0xd3, 0xfe, 0xf7, 0xdc, 0xdf, 0x57,
    0x88, 0x42, 0x5d, 0xed, 0x42, 0x51, 0x1b, 0x54, 0x3f, 0x09, 0xe7, 0x8a, 0xa3, 0xc8, 0x2e, 0x2b,
    0x63, 0x27, 0x31, 0x95, 0x79, 0x58, 0xb0, 0x41, 0x1e, 0x60, 0x22, 0xef, 0xf0, 0x4f, 0xb3, 0x09,
    0x45, 0xc9, 0xbf, 0x02, 0x44, 0x0a, 0x85, 0xef, 0xe0, 0x2f, 0xb4, 0xaa, 0x87, 0xb3, 0x06, 0xa4,
    0x40, 0x0d, 0x45, 0xe3, 0x00, 0xf4, 0xfc, 0x09, 0x45, 0xe3, 0x6d, 0xd4, 0xfa, 0x50, 0x00, 0x01,
    0x45, 0x93, 0x08, 0x00, 0x02, 0x13, 0x08, 0xf0, 0x07, 0x0c, 0x42, 0xad, 0xc1, 0x01, 0x47, 0xb3,
    0xd7, 0xe5, 0x00, 0x85, 0x8b, 0xa9, 0xcb, 0x85, 0x47, 0xb3, 0x97, 0xe7, 0x00, 0x93, 0xc7, 0xf7,
    0xff, 0x37, 0x34, 0x20, 0x00, 0x13, 0x04, 0x04, 0x06, 0xed, 0x8f, 0x1c, 0xc2, 0x1c, 0x40, 0x37,
    0x09, 0x08, 0x05, 0x18, 0x04, 0x93, 0xf7, 0xf7, 0xfd, 0x1c, 0xc0, 0x23, 0x22, 0xf9, 0x20, 0x93,
    0x17, 0x25, 0x00, 0xba, 0x97, 0x83, 0xa5, 0x47, 0xe0, 0x05, 0x05, 0x0a, 0x05, 0x26, 0x95, 0x3d,
    0x35, 0x1c, 0x40, 0x93, 0xe7, 0x07, 0x02, 0x1c, 0xc0, 0x23, 0x22, 0xf9, 0x20, 0x13, 0x05, 0x65,
    0xf5, 0x13, 0x35, 0x15, 0x00, 0xb9, 0xb7, 0x05, 0x07, 0xe3, 0x13, 0x17, 0xfb, 0x05, 0x05, 0x11,
    0x06, 0xe3, 0x1c, 0x05, 0xf9, 0xfd, 0x16, 0x8a, 0x85, 0x13, 0x85, 0x09, 0x40, 0x36, 0xc0, 0x4d,
    0x35, 0x93, 0x07, 0xa0, 0x0a, 0xe3, 0x16, 0xf5, 0xf2, 0x8a, 0x85, 0x26, 0x85, 0x51, 0x3d, 0xf9,
    0xb7, 0x13, 0x01, 0x01, 0xdd, 0x23, 0x20, 0x21, 0x23, 0x37, 0x09, 0x08, 0x05, 0x23, 0x24, 0x81,
    0x22, 0x23, 0x22, 0x91, 0x22, 0x23, 0x2e, 0x31, 0x21, 0x23, 0x2c, 0x41, 0x21, 0x23, 0x2a, 0x51,
    0x21, 0x23, 0x28, 0xfa, 0xe6, 0x3d, 0xdc, 0x19, 0x93, 0x26, 0x92, 0x4b, 0x16, 0x1a, 0x67, 0x8e,
    0xe3, 0x08, 0xd7, 0x66, 0x3b, 0x29, 0x4f, 0xd9, 0xf2, 0xbe, 0x18, 0x63, 0x53, 0x08, 0xe7, 0xa5,
    0x45, 0xef, 0xae, 0x3d, 0x38, 0x23, 0x61, 0x21, 0x23, 0x26, 0x71, 0x21, 0x23, 0x24, 0x81, 0x21,
    0x23, 0x26, 0x11, 0x22, 0x13, 0x04, 0x00, 0x20, 0x81, 0x49, 0x93, 0x04, 0xa0, 0x0a, 0x13, 0x0a,
    0x09, 0x20, 0xb7, 0x3a, 0x20, 0x00, 0x37, 0x5b, 0x10, 0x00, 0xb7, 0x5b, 0x10, 0x00, 0x37, 0x5c,
    0x10, 0x00, 0xa2, 0x85, 0x0a, 0x85, 0x41, 0x39, 0x63, 0x18, 0x95, 0x02, 0x0a, 0x85, 0xef, 0xe0,
    0x0f, 0xa7, 0x63, 0x10, 0x95, 0x06, 0x13, 0x87, 0x8a, 0x0e, 0x14, 0x43, 0x85, 0x47, 0xb3, 0x97,
    0x37, 0x01, 0xd5, 0x8f, 0x13, 0x06, 0xcb, 0x0e, 0xce, 0x86, 0x93, 0x85, 0x4b, 0x07, 0x13, 0x05,
    0xcc, 0x06, 0x1c, 0xc3, 0xef, 0xf0, 0x2f, 0x94, 0x85, 0x09, 0xc1, 0x47, 0x13, 0x04, 0x04, 0x40,
    0xe3, 0x91, 0xf9, 0xfc, 0x83, 0x20, 0xc1, 0x22, 0x03, 0x24, 0x81, 0x22, 0x83, 0x24, 0x41, 0x22,
    0x03, 0x29, 0x01, 0x22, 0x83, 0x29, 0xc1, 0x21, 0x03, 0x2a, 0x81, 0x21, 0x83, 0x2a, 0x41, 0x21,
    0x03, 0x2b, 0x01, 0x21, 0x83, 0x2b, 0xc1, 0x20, 0x03, 0x2c, 0x81, 0x20, 0x13, 0x01, 0x01, 0x23,
    0x82, 0x80, 0x93, 0x05, 0x04, 0x20, 0x0a, 0x85, 0x39, 0x39, 0xe3, 0x1f, 0x95, 0xfa, 0x0a, 0x85,
    0xef, 0xe0, 0xef, 0x9f, 0xe3, 0x1a, 0x95, 0xfa, 0x22, 0x85, 0xb1, 0x3b, 0xef, 0xf0, 0x5f, 0xb6,
    0xb7, 0x07, 0x08, 0x05, 0x23, 0x2c, 0x89, 0x20, 0x0a, 0x87, 0x14, 0x43, 0x11, 0x07, 0x94, 0xc3,
    0x91, 0x07, 0xe3, 0x9c, 0x47, 0xff, 0xfd, 0x57, 0x23, 0x22, 0xf9, 0x24, 0x23, 0x24, 0xfa, 0x63,
    0x3c, 0xae, 0x0f, 0x8a, 0xa4, 0x16, 0x0c, 0x31, 0xa3, 0xdd, 0xdb, 0xf8, 0xc9, 0x78, 0xb2, 0xac,
    0xa9, 0x7c, 0xe9, 0x2b, 0x12, 0xa9, 0xec, 0xfe, 0xea, 0xd9, 0x1b, 0x85, 0x13, 0xc2, 0xff, 0x10,
    0x24, 0xf9, 0x24, 0x23, 0x26, 0xf9, 0x24, 0x23, 0x28, 0xf9, 0x24, 0x29, 0x45, 0x51, 0x3e, 0xa2,
    0x85, 0x0a, 0x85, 0xd9, 0x3e, 0xe3, 0x1b, 0x95, 0xf6, 0x0a, 0x85, 0xef, 0xe0, 0x6f, 0x9b, 0xe3,
    0x05, 0x95, 0xf4, 0xa5, 0xb7, 0x0d, 0x65, 0x01, 0x11, 0x13, 0x05, 0x05, 0x20, 0x06, 0xce, 0x22,
    0xcc, 0x26, 0xca, 0x4a, 0xc8, 0x4e, 0xc6, 0x52, 0xc4, 0xef, 0xe0, 0x7f, 0x92, 0x37, 0x07, 0x00,
    0x02, 0x1c, 0x4f, 0x13, 0x05, 0x80, 0x07, 0x37, 0x39, 0x20, 0x00, 0x93, 0xe7, 0xe7, 0x00, 0x1c,
    0xcf, 0xef, 0xe0, 0x8f, 0xf6, 0x13, 0x0a, 0x09, 0x06, 0x83, 0x27, 0x0a, 0x00, 0x37, 0x04, 0x08,
    0x05, 0x93, 0x04, 0x04, 0x20, 0xdc, 0xc0, 0xb7, 0x07, 0x46, 0x00, 0x85, 0x07, 0xdc, 0xcc, 0xdc,
    0x40, 0x85, 0x69, 0x13, 0x09, 0x09, 0x06, 0x93, 0xe7, 0x17, 0x00, 0xdc, 0xc0, 0xef, 0xf0, 0x7f,
    0xac, 0x93, 0x87, 0x59, 0x86, 0x89, 0x65, 0x37, 0x05, 0x10, 0x00, 0x93, 0x85, 0x05, 0x71, 0x13,
    0x05, 0xe5, 0x32, 0xdc, 0xc0, 0xef, 0xf0, 0x7f, 0xa9, 0xb7, 0x07, 0x40, 0x6c, 0x9c, 0xc8, 0xdc,
    0x40, 0x93, 0x89, 0x99, 0x82, 0x23, 0x20, 0xfa, 0x00, 0xef, 0xf0, 0xbf, 0xa9, 0x23, 0xa2, 0x34,
    0x01, 0x23, 0x2c, 0x04, 0x20, 0x39, 0x45, 0xef, 0xf0, 0xbf, 0xae, 0x83, 0x27, 0x0a, 0x00, 0xdc,
    0xc0, 0x93, 0x07, 0x04, 0x10, 0x98, 0x43, 0xb7, 0x67, 0xa5, 0xf0, 0x93, 0x87, 0xf7, 0xa0, 0x63,
    0x05, 0xf7, 0x02, 0x37, 0x55, 0x10, 0x00, 0x95, 0x45, 0xfa, 0xb0, 0x8c, 0x66, 0x08, 0x16, 0xea,
    0xf6, 0x88, 0xd3, 0x89, 0x52, 0x05, 0x6d, 0x1c, 0xa8, 0x6d, 0xc0, 0x06, 0xbd, 0x62, 0xc2, 0x46,
    0xf6, 0xf8, 0x64, 0xf1, 0x32, 0x4d, 0x65, 0xd2, 0x44, 0x78, 0xe8, 0x24, 0x13, 0x05, 0xc5, 0x09,
    0xef, 0xf0, 0x2f, 0x89, 0x41, 0x67, 0x7d, 0x17, 0x93, 0x07, 0x04, 0x18, 0xb8, 0xd3, 0xf8, 0xd3,
    0xb8, 0xd7, 0xf8, 0xd7, 0xb8, 0xdb, 0xf8, 0xdb, 0xb8, 0xdf, 0xf8, 0xdf, 0x51, 0x45, 0xef, 0xf0,
    0x7f, 0xaa, 0x37, 0x07, 0x08, 0x05, 0x83, 0x27, 0xc7, 0x20, 0x91, 0x8b, 0x91, 0xeb, 0x37, 0x55,
    0x10, 0x00, 0x91, 0x45, 0x13, 0x05, 0xc5, 0x09, 0xef, 0xf0, 0xaf, 0x85, 0xef, 0xe0, 0x1f, 0x9e,
    0xb7, 0x07, 0x40, 0x00, 0x23, 0x26, 0xf7, 0x20, 0x83, 0x27, 0x09, 0x00, 0x93, 0xe7, 0x07, 0x18,
    0x23, 0x20, 0xf9, 0x00, 0x23, 0x22, 0xf7, 0x20, 0xf2, 0x40, 0x62, 0x44, 0xd2, 0x44, 0x42, 0x49,
    0xb2, 0x49, 0x22, 0x4a, 0x05, 0x61, 0x82, 0x80, 0x41, 0x11, 0x06, 0xc6, 0x22, 0xc4, 0x93, 0x77,
    0x35, 0x00, 0x99, 0xc3, 0xef, 0xe0, 0x9f, 0x9a, 0x89, 0x65, 0x2a, 0x84, 0xe3, 0x7c, 0xb5, 0xfe,
    0x37, 0x05, 0x10, 0x00, 0x13, 0x05, 0xc5, 0x3a, 0x93, 0x85, 0x05, 0x71, 0xef, 0xf0, 0x3f, 0x9c,
    0x37, 0x05, 0x00, 0x06, 0x2a, 0x94, 0x08, 0x40, 0xb2, 0x40, 0x22, 0x44, 0x41, 0x01, 0x82, 0x80,
    0x41, 0x11, 0x26, 0xc2, 0x06, 0xc6, 0x22, 0xc4, 0xaa, 0x84, 0x7d, 0x3f, 0xb7, 0x37, 0x20, 0x00,
    0x83, 0xc7, 0xc7, 0x09, 0xb1, 0xc3, 0x37, 0x37, 0x20, 0x00, 0x13, 0x07, 0x87, 0x09, 0x1c, 0x43,
    0xb7, 0x66, 0x19, 0x00, 0x93, 0x86, 0xd6, 0x60, 0xb3, 0x87, 0xd7, 0x02, 0xb7, 0xf6, 0x6e, 0x3c,
    0x93, 0x86, 0xf6, 0x35, 0xfa, 0x5a, 0xf8, 0x18, 0x28, 0xc5, 0x0b, 0x04, 0x1c, 0xe9, 0xb6, 0x81,
    0xd4, 0x15, 0x18, 0x2a, 0x73, 0x47, 0x27, 0xe3, 0xfe, 0x75, 0x9f, 0x01, 0xe7, 0xd3, 0x2e, 0x82,
    0xee, 0x0a, 0xc4, 0xe5, 0xa5, 0xc0, 0x25, 0x2a, 0x84, 0xb6, 0x97, 0x1c, 0xc3, 0x93, 0xf7, 0xf7,
    0x07, 0x7d, 0x57, 0xfd, 0x17, 0x63, 0x9d, 0xe7, 0x00, 0x26, 0x85, 0x41, 0x37, 0x63, 0x17, 0xa4,
    0x00, 0xb2, 0x40, 0x22, 0x44, 0x92, 0x44, 0x41, 0x01, 0x82, 0x80, 0xef, 0xe0, 0x5f, 0x92, 0x01,
    0x00, 0xcd, 0xb7, 0x41, 0x11, 0x06, 0xc6, 0x71, 0x3f, 0x2a, 0x87, 0x85, 0x46, 0x01, 0x45, 0x89,
    0x45, 0x01, 0xe7, 0xb2, 0x40, 0x41, 0x01, 0x82, 0x80, 0x93, 0x77, 0xf7, 0x00, 0x01, 0x46, 0x81,
    0xef, 0x63, 0xd3, 0xc5, 0x00, 0xb6, 0x87, 0x5d, 0x8d, 0x86, 0x06, 0x13, 0x75, 0xf5, 0x0f, 0x93,
    0xf6, 0xf6, 0x0f, 0x11, 0x83, 0xf1, 0xbf, 0x13, 0xf8, 0x17, 0x00, 0x85, 0x83, 0x42, 0x96, 0x93,
    0xf7, 0xf7, 0x0f, 0xf1, 0xbf, 0x01, 0x11, 0x22, 0xcc, 0x26, 0xca, 0x93, 0x17, 0x25, 0x00, 0x05,
    0x64, 0x06, 0xce, 0x4a, 0xc8, 0x13, 0x07, 0xf0, 0x1f, 0xb3, 0x84, 0x87, 0x00, 0x63, 0x74, 0xa7,
    0x00, 0xef, 0xe0, 0xff, 0x8b, 0x41, 0x04, 0x13, 0x09, 0xc1, 0x00, 0x3e, 0x94, 0x26, 0x85, 0x51,
    0x3f, 0x23, 0x00, 0xa9, 0x00, 0x91, 0x04, 0x05, 0x09, 0xe3, 0x9a, 0x84, 0xfe, 0xf2, 0x40, 0x62,
    0x44, 0x32, 0x45, 0xd2, 0x44, 0x42, 0x49, 0x05, 0x61, 0x82, 0x80, 0x8d, 0x47, 0x63, 0xea, 0xa7,
    0x02, 0x89, 0x67, 0x93, 0x87, 0x07, 0xbf, 0x0a, 0x05, 0x41, 0x11, 0x3e, 0x95, 0x06, 0xc6, 0x95,
    0x37, 0xaa, 0x87, 0x13, 0x07, 0xf0, 0x0f, 0x55, 0x45, 0x63, 0x89, 0xe7, 0x00, 0x13, 0x07, 0xfa,
    0x6b, 0xbc, 0xca, 0x30, 0x27, 0xb3, 0xdc, 0x41, 0x03, 0x8c, 0x83, 0x7f, 0x84, 0xcd, 0xa8, 0x41,
    0x1b, 0x08, 0x39, 0xbd, 0x04, 0x07, 0xe5, 0xdb, 0xe3, 0x9b, 0xe2, 0x07, 0x42, 0xbc, 0xfb, 0xa5,
    0x98, 0x26, 0xa0, 0x0a, 0x59, 0x45, 0x63, 0x94, 0xe7, 0x00, 0x13, 0x05, 0x30, 0x0c, 0xb2, 0x40,
    0x41, 0x01, 0x82, 0x80, 0x13, 0x05, 0xc0, 0x03, 0x82, 0x80, 0x79, 0x71, 0x22, 0xd4, 0x26, 0xd2,
    0x4a, 0xd0, 0x4e, 0xce, 0x06, 0xd6, 0x52, 0xcc, 0x2a, 0x89, 0xae, 0x84, 0x02, 0xc6, 0x01, 0x44,
    0x93, 0x09, 0x40, 0x08, 0x33, 0x0a, 0x89, 0x00, 0x33, 0x85, 0x84, 0x00, 0x11, 0x04, 0x63, 0x1a,
    0x34, 0x01, 0xb2, 0x50, 0x22, 0x54, 0x92, 0x54, 0x02, 0x59, 0xf2, 0x49, 0x62, 0x4a, 0x45, 0x61,
    0x82, 0x80, 0x55, 0x35, 0x2a, 0xc6, 0x11, 0x46, 0x6c, 0x00, 0x52, 0x85, 0xef, 0x20, 0x10, 0x4f,
    0xd1, 0xbf, 0x93, 0x77, 0x35, 0x00, 0x89, 0xc7, 0x41, 0x11, 0x06, 0xc6, 0xef, 0xe0, 0x7f, 0x80,
    0x09, 0x67, 0xe3, 0x7b, 0xe5, 0xfe, 0xb7, 0x37, 0x20, 0x00, 0x93, 0x06, 0x50, 0x05, 0x23, 0xa6,
    0xd7, 0x06, 0xb7, 0x27, 0x00, 0x06, 0x8c, 0xcf, 0xc8, 0xcb, 0x91, 0x46, 0x37, 0x05, 0x10, 0x00,
    0x94, 0xcb, 0x93, 0x05, 0x07, 0x71, 0x13, 0x05, 0x85, 0x38, 0x6f, 0xf0, 0xbf, 0x80, 0x01, 0x11,
    0x06, 0xce, 0x22, 0xcc, 0x26, 0xca, 0x4a, 0xc8, 0x4e, 0xc6, 0x8d, 0x47, 0x63, 0xf4, 0xa7, 0x00,
    0xef, 0xe0, 0x2f, 0xfc, 0x89, 0x67, 0x2a, 0x84, 0x93, 0x87, 0x07, 0xbf, 0x0a, 0x05, 0x81, 0x45,
    0x3e, 0x95, 0x13, 0x09, 0x04, 0x0e, 0x71, 0x3f, 0x16, 0x09, 0x81, 0x44, 0x93, 0x09, 0x00, 0x02,
    0x33, 0x05, 0x99, 0x00, 0x81, 0x45, 0x91, 0x04, 0x69, 0x37, 0xfa, 0x8c, 0x68, 0x32, 0xcd, 0x5e,
    0x71, 0xb6, 0xe7, 0x1d, 0xc5, 0xee, 0x03, 0x87, 0x36, 0xd3, 0x95, 0x32, 0x37, 0xdb, 0x39, 0x7c,
    0x56, 0x07, 0xcf, 0x70, 0x96, 0xeb, 0x37, 0xeb, 0xf3, 0x4f, 0x89, 0x70, 0x27, 0xe3, 0x9b, 0x34,
    0xff, 0x22, 0x85, 0xfd, 0x3d, 0x59, 0x47, 0x93, 0x07, 0xa0, 0x0a, 0x63, 0x04, 0xe5, 0x00, 0x93,
    0x07, 0x50, 0x05, 0xf2, 0x40, 0x62, 0x44, 0xd2, 0x44, 0x42, 0x49, 0xb2, 0x49, 0x3e, 0x85, 0x05,
    0x61, 0x82, 0x80, 0xb7, 0x07, 0x20, 0x00, 0x93, 0x87, 0x07, 0x00, 0x13, 0x07, 0x50, 0x05, 0x98,
    0xcb, 0xb7, 0x07, 0x00, 0x04, 0xc8, 0xc3, 0x13, 0x07, 0x90, 0x02, 0x85, 0x65, 0x37, 0x05, 0x10,
    0x00, 0x98, 0xc7, 0x93, 0x85, 0x85, 0x38, 0x13, 0x05, 0x25, 0x45, 0x6f, 0xf0, 0xcf, 0xf7, 0x01,
    0x11, 0x26, 0xca, 0xb7, 0x55, 0x10, 0x00, 0xb7, 0x04, 0x00, 0x04, 0x13, 0x06, 0x00, 0x02, 0x93,
    0x85, 0x05, 0x24, 0x22, 0xcc, 0x13, 0x85, 0x04, 0x02, 0x37, 0x04, 0x20, 0x00, 0x06, 0xce, 0x13,
    0x04, 0x04, 0x00, 0x4a, 0xc8, 0x4e, 0xc6, 0xef, 0xe0, 0xbf, 0x92, 0x48, 0x44, 0x09, 0x69, 0x0d,
    0x09, 0x7e, 0x05, 0x13, 0x65, 0x05, 0x07, 0x71, 0x3f, 0x13, 0x05, 0x00, 0x02, 0xef, 0xd0, 0x7f,
    0xff, 0x48, 0x44, 0x93, 0x89, 0x04, 0x02, 0x7e, 0x05, 0x13, 0x65, 0x05, 0x17, 0x59, 0x37, 0x48,
    0x44, 0x7e, 0x05, 0x33, 0x65, 0x25, 0x01, 0xb5, 0x3f, 0x48, 0x44, 0x7e, 0x05, 0x13, 0x65, 0x05,
    0x02, 0x8d, 0x3f, 0x1c, 0x40, 0x83, 0xc7, 0x07, 0x00, 0x93, 0xe7, 0x07, 0x20, 0x9c, 0xcc, 0x48,
    0x44, 0x7e, 0x05, 0x13, 0x65, 0x15, 0x00, 0xb1, 0x3f, 0x48, 0x44, 0x7e, 0x05, 0x33, 0x65, 0x25,
    0x01, 0x89, 0x3f, 0xef, 0xd0, 0xfa, 0xa2, 0x4a, 0x7e, 0xad, 0x6e, 0x9e, 0x03, 0x8a, 0x9d, 0xd7,
    0x09, 0x52, 0xe6, 0x6f, 0x10, 0xb2, 0x30, 0x69, 0x9d, 0x34, 0x84, 0x26, 0x8b, 0x8a, 0xc6, 0x0b,
    0x5a, 0xda, 0xbd, 0xeb, 0x3b, 0xa4, 0x48, 0x28, 0x5f, 0xfe, 0x48, 0x44, 0x7e, 0x05, 0x13, 0x65,
    0x05, 0x07, 0x91, 0x37, 0x13, 0x05, 0x00, 0x04, 0xef, 0xd0, 0xff, 0xf9, 0x23, 0xa0, 0x04, 0x02,
    0x48, 0x44, 0x7e, 0x05, 0x13, 0x65, 0x05, 0x17, 0x3d, 0x37, 0x48, 0x44, 0x7e, 0x05, 0x13, 0x65,
    0x35, 0x00, 0x15, 0x37, 0x48, 0x44, 0x7e, 0x05, 0x13, 0x65, 0x05, 0x02, 0x29, 0x3f, 0x93, 0x07,
    0x00, 0x10, 0x9c, 0xcc, 0x48, 0x44, 0x7e, 0x05, 0x13, 0x65, 0x15, 0x00, 0x29, 0x37, 0x48, 0x44,
    0x7e, 0x05, 0x33, 0x65, 0x25, 0x01, 0x01, 0x37, 0xef, 0xd0, 0x3f, 0xf9, 0x48, 0x44, 0x7e, 0x05,
    0x13, 0x65, 0x05, 0x07, 0xcd, 0x3d, 0x13, 0x05, 0x00, 0x04, 0xef, 0xd0, 0xdf, 0xf4, 0x23, 0xa0,
    0x04, 0x02, 0x48, 0x44, 0x7e, 0x05, 0x13, 0x65, 0x05, 0x17, 0xf1, 0x3d, 0x48, 0x44, 0x7e, 0x05,
    0x13, 0x65, 0x35, 0x00, 0xc9, 0x3d, 0x48, 0x44, 0x7e, 0x05, 0x13, 0x65, 0x05, 0x02, 0xe1, 0x35,
    0x0c, 0x40, 0x13, 0x06, 0x00, 0x02, 0x4e, 0x85, 0x85, 0x05, 0xef, 0xe0, 0xbf, 0x83, 0x48, 0x44,
    0x7e, 0x05, 0x13, 0x65, 0x05, 0x17, 0x45, 0x3d, 0x48, 0x44, 0x7e, 0x05, 0x33, 0x65, 0x25, 0x01,
    0x5d, 0x35, 0xef, 0xd0, 0x9f, 0xf3, 0x48, 0x44, 0x7e, 0x05, 0x13, 0x65, 0x05, 0x07, 0x61, 0x3d,
    0x13, 0x05, 0x00, 0x04, 0xef, 0xd0, 0x3f, 0xef, 0x23, 0xa0, 0x04, 0x02, 0x48, 0x44, 0x7e, 0x05,
    0x13, 0x65, 0x05, 0x17, 0x49, 0x35, 0x48, 0x44, 0x7e, 0x05, 0x13, 0x65, 0x35, 0x00, 0xa5, 0x3d,
    0xfa, 0xe2, 0x13, 0x4d, 0xc7, 0x6f, 0xfa, 0x4a, 0xad, 0x2f, 0xbe, 0xfb, 0xa2, 0x14, 0x6b, 0x07,
    0x96, 0x5f, 0x8f, 0xed, 0x30, 0x41, 0x70, 0x62, 0xe7, 0xc4, 0xcf, 0xa7, 0x4f, 0x42, 0x47, 0x62,
    0x84, 0x20, 0x29, 0x48, 0x44, 0x7e, 0x05, 0x13, 0x65, 0x05, 0x02, 0xbd, 0x35, 0x13, 0x05, 0x10,
    0x02, 0xef, 0xd0, 0x9f, 0xec, 0x1c, 0x40, 0x21, 0x67, 0x83, 0xc7, 0x07, 0x00, 0xd9, 0x8f, 0x9c,
    0xd0, 0x48, 0x44, 0x7e, 0x05, 0x13, 0x65, 0x05, 0x17, 0x81, 0x3d, 0x48, 0x44, 0x7e, 0x05, 0x33,
    0x65, 0x25, 0x01, 0x99, 0x35, 0x48, 0x44, 0x7e, 0x05, 0x13, 0x65, 0x05, 0x02, 0x35, 0x3d, 0x0c,
    0x40, 0x13, 0x06, 0x00, 0x02, 0x4e, 0x85, 0x93, 0x85, 0x15, 0x02, 0xef, 0xe0, 0xcf, 0xfa, 0x48,
    0x44, 0x7e, 0x05, 0x13, 0x65, 0x05, 0x17, 0x0d, 0x35, 0x48, 0x44, 0x7e, 0x05, 0x33, 0x65, 0x25,
    0x01, 0x21, 0x3d, 0xef, 0xd0, 0xbf, 0xea, 0x48, 0x44, 0x7e, 0x05, 0x13, 0x65, 0x05, 0x07, 0x29,
    0x35, 0x13, 0x05, 0x00, 0x04, 0xef, 0xd0, 0x5f, 0xe6, 0x23, 0xa0, 0x04, 0x02, 0x48, 0x44, 0x7e,
    0x05, 0x13, 0x65, 0x05, 0x17, 0xd5, 0x3b, 0x48, 0x44, 0x7e, 0x05, 0x13, 0x65, 0x35, 0x00, 0xed,
    0x33, 0x48, 0x44, 0x7e, 0x05, 0x13, 0x65, 0x05, 0x52, 0xc5, 0x33, 0x08, 0x40, 0x62, 0x44, 0xf2,
    0x40, 0x42, 0x49, 0xb2, 0x49, 0x93, 0x85, 0x04, 0x06, 0xd2, 0x44, 0x13, 0x06, 0x00, 0x02, 0x13,
    0x05, 0x15, 0x06, 0x05, 0x61, 0x6f, 0xe0, 0x4f, 0xec, 0x01, 0x11, 0x22, 0xcc, 0x37, 0x04, 0x20,
    0x00, 0x4a, 0xc8, 0x13, 0x09, 0x04, 0x00, 0x4e, 0xc6, 0xaa, 0x89, 0x03, 0x25, 0xc9, 0x00, 0x06,
    0xce, 0x26, 0xca, 0x7e, 0x05, 0x13, 0x65, 0x05, 0x30, 0xae, 0x84, 0xfa, 0x4d, 0xf8, 0xdc, 0xfa,
    0x6c, 0xbf, 0xe7, 0x40, 0x60, 0x9d, 0x16, 0xba, 0x61, 0xb2, 0xfe, 0x90, 0x1d, 0x40, 0xd9, 0xc2,
    0x08, 0x1b, 0x4a, 0xcd, 0x36, 0x19, 0xf1, 0x1b, 0x4f, 0x74, 0xa5, 0xf9, 0xf8, 0x29, 0x79, 0x3b,
    0x13, 0x05, 0x60, 0x03, 0xef, 0xd0, 0x1f, 0xdd, 0x03, 0x25, 0xc9, 0x00, 0x13, 0x04, 0x04, 0x00,
    0x7e, 0x05, 0x13, 0x65, 0x45, 0x00, 0x59, 0x33, 0x03, 0x25, 0xc9, 0x00, 0x7e, 0x05, 0x13, 0x65,
    0x05, 0x17, 0xad, 0x3b, 0x03, 0x25, 0xc9, 0x00, 0x89, 0x67, 0x8d, 0x07, 0x7e, 0x05, 0x5d, 0x8d,
    0xb5, 0x33, 0xa6, 0x85, 0x4e, 0x85, 0xef, 0xe0, 0xef, 0xf7, 0x03, 0x25, 0xc9, 0x00, 0x7e, 0x05,
    0x13, 0x65, 0x05, 0x07, 0xa1, 0x3b, 0xfd, 0x47, 0x63, 0xf5, 0x97, 0x0c, 0x93, 0x85, 0x04, 0xfe,
    0x13, 0x85, 0x09, 0x02, 0xef, 0xe0, 0x0f, 0xf6, 0x93, 0x84, 0x04, 0x04, 0x37, 0x07, 0xff, 0x00,
    0x93, 0x97, 0xb4, 0x00, 0xf9, 0x8f, 0xee, 0x04, 0xbe, 0x94, 0xb7, 0x07, 0x00, 0x04, 0xc4, 0xdf,
    0x48, 0x44, 0x7e, 0x05, 0x13, 0x65, 0x05, 0x17, 0xef, 0xf0, 0x5f, 0xd2, 0x48, 0x44, 0x7e, 0x05,
    0x13, 0x65, 0x35, 0x00, 0xef, 0xf0, 0x9f, 0xd1, 0x48, 0x44, 0x7e, 0x05, 0x13, 0x65, 0x05, 0x03,
    0xef, 0xf0, 0xdf, 0xd0, 0x13, 0x05, 0xc0, 0x05, 0xef, 0xd0, 0xdf, 0xd3, 0x48, 0x44, 0x7e, 0x05,
    0x13, 0x65, 0x45, 0x00, 0xef, 0xf0, 0x9f, 0xcf, 0x48, 0x44, 0x7e, 0x05, 0x13, 0x65, 0x05, 0x17,
    0xef, 0xf0, 0xdf, 0xce, 0x48, 0x44, 0x7e, 0x05, 0x13, 0x65, 0x05, 0x32, 0xef, 0xf0, 0x1f, 0xce,
    0x48, 0x44, 0x89, 0x67, 0x8d, 0x07, 0x7e, 0x05, 0x5d, 0x8d, 0xef, 0xf0, 0x3f, 0xcd, 0x48, 0x44,
    0x7e, 0x05, 0x13, 0x65, 0x05, 0x03, 0xfa, 0x48, 0x4b, 0x67, 0x96, 0x88, 0xa3, 0xb2, 0x9c, 0x92,
    0xeb, 0xa8, 0x07, 0x5f, 0x46, 0xf1, 0xe9, 0xad, 0x80, 0xe9, 0xd0, 0x21, 0x25, 0x6f, 0xb8, 0x78,
    0xcb, 0x39, 0x7b, 0x11, 0xdb, 0xcd, 0x9b, 0xd0, 0x2a, 0xef, 0xf0, 0x7f, 0xcc, 0x13, 0x05, 0x00,
    0x06, 0xef, 0xd0, 0xff, 0xd1, 0x48, 0x44, 0x7e, 0x05, 0x13, 0x65, 0x05, 0x17, 0xef, 0xf0, 0x3f,
    0xcb, 0x48, 0x44, 0x7e, 0x05, 0x13, 0x65, 0x35, 0x00, 0xef, 0xf0, 0x7f, 0xca, 0x48, 0x44, 0x62,
    0x44, 0xf2, 0x40, 0xd2, 0x44, 0x42, 0x49, 0xb2, 0x49, 0x7e, 0x05, 0x13, 0x65, 0x05, 0x02, 0x05,
    0x61, 0x6f, 0xf0, 0xff, 0xc8, 0x01, 0x45, 0xef, 0xd0, 0x1f, 0xcc, 0x81, 0xb7, 0x39, 0x71, 0x22,
    0xdc, 0x37, 0x04, 0x20, 0x00, 0x06, 0xde, 0x26, 0xda, 0x13, 0x04, 0x04, 0x00, 0xb2, 0x84, 0x45,
    0x3d, 0x48, 0x44, 0x7e, 0x05, 0x13, 0x65, 0x05, 0x40, 0xef, 0xf0, 0x7f, 0xc6, 0x37, 0x55, 0x10,
    0x00, 0x85, 0x45, 0x13, 0x05, 0x85, 0x0f, 0x61, 0x3d, 0x85, 0x47, 0x63, 0x88, 0xf4, 0x06, 0x48,
    0x44, 0x85, 0x67, 0x93, 0x87, 0x07, 0x80, 0x7e, 0x05, 0x5d, 0x8d, 0xef, 0xf0, 0x5f, 0xc4, 0xb7,
    0x05, 0x00, 0x04, 0x13, 0x06, 0x00, 0x02, 0x93, 0x85, 0x05, 0x04, 0x68, 0x00, 0xef, 0xe0, 0x2f,
    0xd3, 0x48, 0x44, 0x89, 0x47, 0x23, 0x06, 0xf1, 0x02, 0x7e, 0x05, 0x13, 0x65, 0x05, 0x20, 0xef,
    0xf0, 0x1f, 0xc2, 0x48, 0x44, 0x7e, 0x05, 0x13, 0x65, 0x05, 0x04, 0xef, 0xf0, 0x5f, 0xc1, 0x48,
    0x44, 0x7e, 0x05, 0x13, 0x65, 0x05, 0x42, 0xef, 0xf0, 0x9f, 0xc0, 0x93, 0x05, 0x10, 0x02, 0x68,
    0x00, 0x3d, 0x3d, 0x48, 0x44, 0x7e, 0x05, 0x13, 0x65, 0x05, 0x10, 0xef, 0xf0, 0x5f, 0xbf, 0x48,
    0x44, 0xfa, 0xe9, 0x7d, 0x96, 0x46, 0x1f, 0x1c, 0xc0, 0x8c, 0xe2, 0xf8, 0x2c, 0x83, 0x05, 0x60,
    0x66, 0x9c, 0x55, 0x3e, 0xb1, 0xdf, 0x6d, 0x6f, 0x58, 0xdf, 0xe1, 0xfe, 0x68, 0x21, 0x5d, 0xe8,
    0xa3, 0xe3, 0xa8, 0x2b, 0x7e, 0x05, 0x13, 0x65, 0x05, 0x04, 0xef, 0xf0, 0x9f, 0xbe, 0x68, 0x00,
    0x93, 0x05, 0x10, 0x02, 0xef, 0xd0, 0xff, 0xab, 0xf2, 0x50, 0x62, 0x54, 0xd2, 0x54, 0x21, 0x61,
    0x82, 0x80, 0xb7, 0x07, 0x20, 0x00, 0x03, 0xa5, 0x07, 0x00, 0x05, 0x46, 0x93, 0x05, 0x00, 0x02,
    0x13, 0x05, 0x15, 0x04, 0x35, 0xbf, 0x41, 0x11, 0xb7, 0x55, 0x10, 0x00, 0x37, 0x05, 0x00, 0x04,
    0x22, 0xc4, 0x13, 0x06, 0x00, 0x02, 0x93, 0x85, 0x05, 0x24, 0x13, 0x05, 0x05, 0x02, 0x37, 0x04,
    0x20, 0x00, 0x06, 0xc6, 0x13, 0x04, 0x04, 0x00, 0xef, 0xe0, 0x8f, 0xd1, 0x48, 0x44, 0x7e, 0x05,
    0x13, 0x65, 0x05, 0x07, 0xef, 0xf0, 0xff, 0xb8, 0x08, 0x40, 0x22, 0x44, 0xb2, 0x40, 0x05, 0x46,
    0x93, 0x05, 0x00, 0x02, 0x13, 0x05, 0x15, 0x04, 0x41, 0x01, 0xdd, 0xbd, 0x41, 0x11, 0x22, 0xc4,
    0x37, 0x04, 0x20, 0x00, 0x13, 0x04, 0x04, 0x00, 0x08, 0x40, 0x09, 0x46, 0x93, 0x05, 0x00, 0x02,
    0x13, 0x05, 0x15, 0x04, 0x06, 0xc6, 0xe9, 0x3d, 0x48, 0x44, 0x7e, 0x05, 0x13, 0x65, 0x05, 0x71,
    0xef, 0xf0, 0x3f, 0xb5, 0x48, 0x44, 0x22, 0x44, 0xb2, 0x40, 0x7e, 0x05, 0x13, 0x65, 0x05, 0x40,
    0x41, 0x01, 0x6f, 0xf0, 0x1f, 0xb4, 0x41, 0x11, 0x22, 0xc4, 0x37, 0x04, 0x20, 0x00, 0x13, 0x04,
    0x04, 0x00, 0x48, 0x44, 0x06, 0xc6, 0x7e, 0x05, 0x13, 0x65, 0x05, 0x04, 0xef, 0xf0, 0x7f, 0xb2,
    0x08, 0x40, 0x13, 0x06, 0x00, 0x02, 0x81, 0x45, 0x13, 0x05, 0x15, 0x04, 0xfa, 0xaf, 0xe5, 0x68,
    0x13, 0x2e, 0x39, 0x9b, 0x39, 0xc5, 0xf6, 0xaa, 0xda, 0xe1, 0x97, 0x27, 0x0a, 0xc1, 0x17, 0xeb,
    0x29, 0xc4, 0x6d, 0x0c, 0x8b, 0xea, 0x50, 0x8d, 0x96, 0x67, 0x30, 0xc1, 0x69, 0x80, 0x2c, 0xef,
    0x20, 0xe0, 0x79, 0x08, 0x40, 0x09, 0x46, 0x81, 0x45, 0x13, 0x05, 0x15, 0x04, 0x59, 0x35, 0x48,
    0x44, 0x7e, 0x05, 0x13, 0x65, 0x05, 0x60, 0xef, 0xf0, 0xff, 0xaf, 0x48, 0x44, 0x7e, 0x05, 0x13,
    0x65, 0x05, 0x71, 0xef, 0xf0, 0x3f, 0xaf, 0x01, 0x45, 0xef, 0xd0, 0x5f, 0xb2, 0x48, 0x44, 0x7e,
    0x05, 0x13, 0x65, 0x05, 0x07, 0xef, 0xf0, 0x1f, 0xae, 0x48, 0x44, 0x7e, 0x05, 0x13, 0x65, 0x05,
    0x17, 0xef, 0xf0, 0x5f, 0xad, 0xb7, 0x07, 0x00, 0x04, 0x69, 0x47, 0x98, 0xc7, 0xb2, 0x40, 0x22,
    0x44, 0x41, 0x01, 0x82, 0x80, 0x41, 0x11, 0x22, 0xc4, 0x01, 0x45, 0x37, 0x04, 0x20, 0x00, 0x06,
    0xc6, 0x13, 0x04, 0x04, 0x00, 0xef, 0xd0, 0x9f, 0xae, 0x48, 0x44, 0x7e, 0x05, 0x13, 0x65, 0x05,
    0x07, 0xef, 0xf0, 0x5f, 0xaa, 0x48, 0x44, 0xb7, 0x07, 0x02, 0x00, 0x95, 0x07, 0x7e, 0x05, 0x5d,
    0x8d, 0xef, 0xf0, 0x5f, 0xa9, 0x48, 0x44, 0x7e, 0x05, 0x13, 0x65, 0x05, 0x05, 0xef, 0xf0, 0x9f,
    0xa8, 0x48, 0x44, 0xb7, 0x07, 0x00, 0x10, 0x99, 0x07, 0x7e, 0x05, 0x5d, 0x8d, 0xef, 0xf0, 0x9f,
    0xa7, 0x48, 0x44, 0xb7, 0x07, 0x01, 0x10, 0x99, 0x07, 0x7e, 0x05, 0x5d, 0x8d, 0xef, 0xf0, 0x9f,
    0xa6, 0x22, 0x44, 0xb2, 0x40, 0x21, 0x45, 0x41, 0x01, 0x6f, 0xf0, 0xdf, 0xa5, 0x37, 0x07, 0x20,
    0x00, 0x13, 0x07, 0x07, 0x00, 0x89, 0x47, 0x5c, 0xc3, 0x5c, 0x47, 0x46, 0x05, 0xfe, 0x07, 0xc9,
    0x8f, 0x21, 0x65, 0x15, 0x05, 0x5d, 0x8d, 0xfa, 0x8b, 0x04, 0xd2, 0xa5, 0x33, 0x36, 0xa1, 0x5f,
    0xbb, 0x80, 0x98, 0x39, 0x7f, 0x52, 0xda, 0x1d, 0x41, 0x11, 0xf2, 0x48, 0x83, 0xe4, 0xf6, 0x95,
    0x3b, 0xcb, 0x87, 0x86, 0xc1, 0x79, 0xa4, 0x85, 0x58, 0x2d, 0x6f, 0xf0, 0xff, 0xa3, 0x79, 0x71,
    0x56, 0xca, 0x5a, 0xc8, 0x5e, 0xc6, 0x37, 0x0b, 0x00, 0x04, 0xb7, 0x0a, 0x20, 0x00, 0x85, 0x6b,
    0x26, 0xd2, 0x4a, 0xd0, 0x4e, 0xce, 0x52, 0xcc, 0x62, 0xc4, 0x66, 0xc2, 0x06, 0xd6, 0x22, 0xd4,
    0xaa, 0x89, 0x2e, 0x8a, 0xb2, 0x84, 0x01, 0x49, 0x41, 0x4c, 0x13, 0x0b, 0x0b, 0x02, 0x93, 0x8a,
    0x0a, 0x00, 0x89, 0x0b, 0xb7, 0x3c, 0x20, 0x00, 0x91, 0xec, 0xb2, 0x50, 0x22, 0x54, 0x92, 0x54,
    0x02, 0x59, 0xf2, 0x49, 0x62, 0x4a, 0xd2, 0x4a, 0x42, 0x4b, 0xb2, 0x4b, 0x22, 0x4c, 0x92, 0x4c,
    0x45, 0x61, 0x82, 0x80, 0x26, 0x84, 0x63, 0x73, 0x9c, 0x00, 0x41, 0x44, 0xb7, 0x07, 0x01, 0x04,
    0x13, 0x06, 0x34, 0x00, 0x71, 0x9a, 0xd2, 0x85, 0x23, 0xaa, 0x27, 0x01, 0x5a, 0x85, 0xef, 0xe0,
    0x8f, 0xb4, 0x03, 0xa5, 0xca, 0x00, 0x7e, 0x05, 0x13, 0x65, 0x05, 0x07, 0xef, 0xf0, 0xdf, 0x9b,
    0x03, 0xa5, 0xca, 0x00, 0x93, 0x17, 0x84, 0x01, 0x7e, 0x05, 0x5d, 0x8d, 0x13, 0x65, 0x75, 0x00,
    0xef, 0xf0, 0x9f, 0x9a, 0x03, 0xa5, 0xca, 0x00, 0x7e, 0x05, 0x33, 0x65, 0x75, 0x01, 0xef, 0xf0,
    0xbf, 0x99, 0x03, 0xa7, 0x4c, 0x09, 0x93, 0x07, 0x50, 0x05, 0x63, 0x14, 0xf7, 0x02, 0x63, 0x82,
    0x09, 0x02, 0xb3, 0x07, 0x24, 0x01, 0x13, 0x07, 0x00, 0x09, 0x63, 0x74, 0xf7, 0x00, 0xef, 0xe0,
    0xcf, 0x8e, 0xb7, 0x15, 0x01, 0x04, 0x4e, 0x85, 0x22, 0x86, 0xca, 0x95, 0xef, 0xe0, 0xcf, 0xa6,
    0xa2, 0x99, 0xfa, 0xc6, 0x5f, 0x3c, 0xf4, 0x96, 0x10, 0xa6, 0x82, 0x85, 0x60, 0xc2, 0x0e, 0x67,
    0xbc, 0x83, 0xce, 0xb7, 0x94, 0x4d, 0x1b, 0xb4, 0xac, 0x6d, 0xf5, 0xeb, 0x06, 0x4b, 0x19, 0x53,
    0x92, 0xa1, 0x03, 0x30, 0x2e, 0x93, 0x07, 0x00, 0x07, 0x63, 0xe3, 0x27, 0x01, 0x41, 0x09, 0x22,
    0x9a, 0x81, 0x8c, 0xa1, 0xbf, 0x89, 0xe5, 0x41, 0x11, 0x06, 0xc6, 0xef, 0xe0, 0x2f, 0x8c, 0x09,
    0xbf, 0xb7, 0x95, 0x04, 0x00, 0x37, 0x05, 0x10, 0x00, 0x41, 0x11, 0x93, 0x85, 0x05, 0x3e, 0x13,
    0x05, 0xc5, 0x47, 0x06, 0xc6, 0x22, 0xc4, 0x26, 0xc2, 0xef, 0xf0, 0xaf, 0x84, 0x13, 0x07, 0xa0,
    0x0a, 0x63, 0x00, 0xe5, 0x02, 0x37, 0x55, 0x10, 0x00, 0x85, 0x45, 0x13, 0x05, 0xc5, 0x0f, 0xef,
    0xe0, 0x4f, 0xf0, 0x13, 0x05, 0x50, 0x05, 0xb2, 0x40, 0x22, 0x44, 0x92, 0x44, 0x41, 0x01, 0x82,
    0x80, 0x37, 0x34, 0x20, 0x00, 0x13, 0x07, 0xc4, 0x0a, 0x18, 0x43, 0xaa, 0x87, 0x13, 0x04, 0xc4,
    0x0a, 0x13, 0x05, 0x50, 0x05, 0xe3, 0x11, 0xf7, 0xfe, 0xb7, 0x17, 0x03, 0x04, 0x83, 0xa7, 0x07,
    0x10, 0xb7, 0x34, 0x20, 0x00, 0x93, 0x84, 0x04, 0x0b, 0x93, 0xf7, 0xf7, 0x0f, 0x81, 0xe7, 0x9c,
    0x40, 0x63, 0x9d, 0xe7, 0x00, 0x37, 0x55, 0x10, 0x00, 0x8d, 0x45, 0x13, 0x05, 0xc5, 0x0f, 0xef,
    0xe0, 0x4f, 0xeb, 0x93, 0x07, 0xa0, 0x0a, 0x9c, 0xc0, 0x6d, 0xb7, 0x1c, 0x40, 0x63, 0x89, 0xe7,
    0x00, 0x37, 0x55, 0x10, 0x00, 0x89, 0x45, 0x13, 0x05, 0xc5, 0x0f, 0xef, 0xe0, 0x8f, 0xe9, 0x08,
    0x40, 0x59, 0xbf, 0x01, 0x11, 0x06, 0xce, 0x22, 0xcc, 0x26, 0xca, 0x2e, 0x84, 0xaa, 0x84, 0xef,
    0xd0, 0xbf, 0xea, 0xef, 0x20, 0x40, 0x42, 0x42, 0x04, 0x11, 0x65, 0x13, 0x05, 0xfa, 0x30, 0xbf,
    0x2f, 0xd4, 0x51, 0xa0, 0xe8, 0xff, 0x82, 0xf7, 0x79, 0xa2, 0x54, 0x87, 0x6f, 0xaa, 0x6c, 0x01,
    0xc9, 0xf5, 0xf4, 0x9f, 0x4b, 0xfb, 0x6b, 0x5c, 0xd5, 0xad, 0x8c, 0x8f, 0xb2, 0xf7, 0x08, 0x2f,
    0x05, 0x50, 0x45, 0x8c, 0x49, 0x8c, 0xb7, 0x07, 0x03, 0x04, 0x23, 0xa0, 0x87, 0x10, 0xef, 0xd0,
    0x9f, 0x94, 0x0d, 0x3f, 0x2a, 0xc6, 0xef, 0x20, 0x60, 0x42, 0xf2, 0x40, 0x62, 0x44, 0x32, 0x45,
    0xd2, 0x44, 0x05, 0x61, 0x82, 0x80, 0x93, 0x17, 0x07, 0x01, 0x41, 0x11, 0xc9, 0x8f, 0x93, 0xe7,
    0x07, 0x10, 0x06, 0xc6, 0x22, 0xc4, 0x26, 0xc2, 0x37, 0x05, 0x03, 0x04, 0x23, 0x20, 0xf5, 0x10,
    0x3a, 0x86, 0x13, 0x05, 0x05, 0x02, 0xae, 0x84, 0xb6, 0x85, 0xef, 0xe0, 0x2f, 0x9c, 0xef, 0xd0,
    0x9f, 0x90, 0xcd, 0x3d, 0x93, 0x07, 0xa0, 0x0a, 0x13, 0x04, 0x50, 0x05, 0x63, 0x1c, 0xf5, 0x00,
    0xb7, 0x15, 0x03, 0x04, 0x2a, 0x84, 0x13, 0x06, 0x00, 0x02, 0x93, 0x85, 0x05, 0x02, 0x26, 0x85,
    0xef, 0xe0, 0xef, 0x91, 0xb2, 0x40, 0x22, 0x85, 0x22, 0x44, 0x92, 0x44, 0x41, 0x01, 0x82, 0x80,
    0x1d, 0x71, 0x3e, 0xda, 0x86, 0xce, 0xb7, 0x07, 0x01, 0x07, 0x96, 0xcc, 0x9a, 0xca, 0x9e, 0xc8,
    0xa2, 0xc6, 0xaa, 0xc4, 0xae, 0xc2, 0xb2, 0xc0, 0x36, 0xde, 0x3a, 0xdc, 0x42, 0xd8, 0x46, 0xd6,
    0x72, 0xd4, 0x76, 0xd2, 0x7a, 0xd0, 0x7e, 0xce, 0x80, 0x47, 0x93, 0x77, 0xb4, 0x00, 0x95, 0xc7,
    0xb7, 0x07, 0x00, 0x40, 0x73, 0xb0, 0x47, 0x30, 0x37, 0x56, 0x10, 0x00, 0xb7, 0x55, 0x10, 0x00,
    0x37, 0x55, 0x10, 0x00, 0xa2, 0x86, 0x13, 0x06, 0x46, 0x10, 0x93, 0x85, 0xc5, 0x10, 0x13, 0x05,
    0xc5, 0x06, 0xef, 0xe0, 0xef, 0xcf, 0xef, 0xd0, 0xfa, 0xc2, 0xef, 0xcf, 0xeb, 0xc8, 0xcb, 0x97,
    0x9a, 0x79, 0xf5, 0x1f, 0x00, 0xa2, 0x86, 0x3b, 0x4d, 0x7b, 0x2c, 0x17, 0x92, 0x8b, 0x48, 0xa7,
    0xf8, 0xec, 0x07, 0xd7, 0xfa, 0xa9, 0x68, 0xa5, 0xd9, 0xe0, 0x2f, 0xdf, 0xbb, 0x93, 0x77, 0x44,
    0x00, 0x8d, 0xc3, 0xb7, 0x37, 0x20, 0x00, 0x83, 0xa7, 0x47, 0x0e, 0x81, 0xcf, 0x02, 0xc6, 0x02,
    0xc4, 0x2c, 0x00, 0x68, 0x00, 0x82, 0x97, 0x32, 0x47, 0xb7, 0x07, 0x01, 0x07, 0x98, 0xcb, 0x22,
    0x47, 0xd8, 0xcb, 0xb7, 0x07, 0x01, 0x07, 0x80, 0xc7, 0x36, 0x44, 0xf6, 0x40, 0xe6, 0x42, 0x56,
    0x43, 0xc6, 0x43, 0x26, 0x45, 0x96, 0x45, 0x06, 0x46, 0xf2, 0x56, 0x62, 0x57, 0xd2, 0x57, 0x42,
    0x58, 0xb2, 0x58, 0x22, 0x5e, 0x92, 0x5e, 0x02, 0x5f, 0xf2, 0x4f, 0x25, 0x61, 0x73, 0x00, 0x20,
    0x30, 0x39, 0x71, 0x06, 0xde, 0x16, 0xdc, 0x1a, 0xda, 0x1e, 0xd8, 0x2a, 0xd6, 0x32, 0xd2, 0x36,
    0xd0, 0x3e, 0xcc, 0x72, 0xc6, 0x76, 0xc4, 0x7a, 0xc2, 0x7e, 0xc0, 0x2e, 0xd4, 0x3a, 0xce, 0x42,
    0xca, 0x46, 0xc8, 0xb7, 0x07, 0x01, 0x02, 0x23, 0xa4, 0x07, 0x02, 0x23, 0xa6, 0x07, 0x02, 0x23,
    0xa8, 0x07, 0x02, 0x23, 0xaa, 0x07, 0x02, 0x23, 0xac, 0x07, 0x02, 0x23, 0xae, 0x07, 0x02, 0x98,
    0x53, 0xcc, 0x53, 0xb7, 0x37, 0x20, 0x00, 0x93, 0x87, 0x07, 0x05, 0x03, 0xa8, 0x07, 0x00, 0x83,
    0xa8, 0x47, 0x00, 0x37, 0x55, 0x10, 0x00, 0x33, 0x66, 0xe8, 0x00, 0xb3, 0xe6, 0xb8, 0x00, 0x90,
    0xc3, 0xd4, 0xc3, 0x37, 0x56, 0x10, 0x00, 0xae, 0x86, 0xb7, 0x55, 0x10, 0x00, 0x13, 0x06, 0x06,
    0x11, 0x93, 0x85, 0x85, 0x12, 0x13, 0x05, 0x05, 0x13, 0xef, 0xe0, 0xaf, 0xc2, 0xef, 0xd0, 0x9f,
    0xae, 0xf2, 0x50, 0xfa, 0x40, 0x80, 0xd4, 0x7a, 0x6a, 0x2e, 0x3c, 0xcc, 0x26, 0x4e, 0x37, 0x31,
    0x53, 0x6d, 0x8b, 0x95, 0xcd, 0x3f, 0xf7, 0xff, 0x02, 0x0f, 0x37, 0x39, 0x88, 0xfa, 0x27, 0x30,
    0x7d, 0xa8, 0x9c, 0x3e, 0xb8, 0x30, 0xe2, 0x52, 0x52, 0x53, 0xc2, 0x53, 0x32, 0x55, 0xa2, 0x55,
    0x12, 0x56, 0x82, 0x56, 0x72, 0x47, 0xe2, 0x47, 0x52, 0x48, 0xc2, 0x48, 0x32, 0x4e, 0xa2, 0x4e,
    0x12, 0x4f, 0x82, 0x4f, 0x21, 0x61, 0x73, 0x00, 0x20, 0x30, 0x93, 0x07, 0x50, 0x05, 0x37, 0x37,
    0x20, 0x00, 0x23, 0x2c, 0xf7, 0x04, 0x37, 0x37, 0x20, 0x00, 0x23, 0x2c, 0xf7, 0x06, 0x37, 0x37,
    0x20, 0x00, 0x23, 0x2c, 0xf7, 0x0a, 0xb7, 0x37, 0x10, 0x00, 0x37, 0x37, 0x20, 0x00, 0x93, 0x87,
    0xc7, 0xe6, 0x23, 0x22, 0xf7, 0x08, 0xb7, 0x17, 0x20, 0x00, 0x23, 0x88, 0x07, 0x08, 0xb7, 0x17,
    0x20, 0x00, 0x37, 0x37, 0x20, 0x00, 0x93, 0x87, 0x07, 0x29, 0x23, 0x2e, 0xf7, 0x06, 0xb7, 0x37,
    0x20, 0x00, 0x93, 0x87, 0x87, 0xe3, 0x23, 0xa0, 0x07, 0x10, 0x23, 0xa2, 0x07, 0x10, 0xb7, 0x37,
    0x20, 0x00, 0x23, 0xa8, 0x07, 0x08, 0xb7, 0x07, 0x20, 0x00, 0x37, 0x07, 0x00, 0x03, 0x93, 0x87,
    0x07, 0x02, 0x5c, 0xcf, 0xb7, 0x27, 0x10, 0x00, 0x37, 0x37, 0x20, 0x00, 0x93, 0x87, 0x27, 0x91,
    0x23, 0x20, 0xf7, 0x08, 0xb7, 0x07, 0x10, 0x00, 0x93, 0x87, 0x67, 0x2d, 0x37, 0x37, 0x20, 0x00,
    0x23, 0x26, 0xf7, 0x0c, 0xb7, 0x07, 0x00, 0x03, 0x98, 0x47, 0x93, 0x86, 0x87, 0x00, 0x05, 0x8b,
    0x19, 0xc3, 0x98, 0x57, 0xd5, 0xbf, 0x05, 0x47, 0x98, 0xcb, 0xb7, 0x07, 0x08, 0x00, 0x9c, 0xc2,
    0x82, 0x80, 0x41, 0x11, 0x49, 0x45, 0x06, 0xc6, 0xef, 0xe0, 0x7f, 0xe2, 0x0d, 0x65, 0xfa, 0xc3,
    0xe5, 0x41, 0x89, 0x65, 0x32, 0x5c, 0xc7, 0xb6, 0x57, 0xcd, 0x71, 0x18, 0xa8, 0x66, 0xef, 0x8d,
    0x01, 0xe4, 0x6b, 0xa6, 0x49, 0x31, 0x2d, 0x51, 0x3b, 0x9c, 0xb8, 0x08, 0x55, 0x4f, 0x3f, 0x90,
    0x31, 0x13, 0x05, 0x05, 0x68, 0xef, 0xd0, 0x9f, 0xca, 0x93, 0x07, 0xa0, 0x0a, 0x63, 0x0b, 0xf5,
    0x00, 0xb2, 0x40, 0x37, 0x55, 0x10, 0x00, 0x8d, 0x45, 0x13, 0x05, 0x85, 0x03, 0x41, 0x01, 0x6f,
    0xe0, 0x0f, 0xbd, 0xb2, 0x40, 0x41, 0x01, 0x82, 0x80, 0x41, 0x11, 0x22, 0xc4, 0x26, 0xc2, 0x37,
    0x04, 0x20, 0x00, 0x85, 0x64, 0x93, 0x85, 0xc4, 0x07, 0x13, 0x05, 0x44, 0x01, 0xb7, 0x37, 0x20,
    0x00, 0x13, 0x07, 0x50, 0x05, 0x06, 0xc6, 0x23, 0xa4, 0xe7, 0x0a, 0xef, 0xd0, 0xcf, 0xc9, 0x93,
    0x07, 0x44, 0x01, 0x61, 0x77, 0xa6, 0x97, 0x13, 0x47, 0x07, 0xf0, 0x23, 0x9c, 0xe7, 0x06, 0x23,
    0xa8, 0x07, 0x06, 0x23, 0xaa, 0x07, 0x06, 0xef, 0xd0, 0x9f, 0xb9, 0x89, 0x67, 0x37, 0x07, 0x01,
    0x04, 0x8d, 0x07, 0x1c, 0xc7, 0x23, 0x2a, 0x07, 0x00, 0xef, 0xd0, 0x3f, 0xbd, 0x11, 0x65, 0xef,
    0xd0, 0x1f, 0xb6, 0xb7, 0x07, 0x00, 0x04, 0x69, 0x47, 0x98, 0xc7, 0x11, 0x65, 0xef, 0xd0, 0xff,
    0xb8, 0xef, 0xd0, 0x0f, 0xb5, 0xef, 0xd0, 0x7f, 0xb9, 0x49, 0x45, 0xef, 0xe0, 0x7f, 0xd8, 0xef,
    0xd0, 0x1f, 0xb6, 0xef, 0xd0, 0xaf, 0xcd, 0xef, 0xd0, 0x5f, 0xba, 0x0d, 0x65, 0x13, 0x05, 0x05,
    0x68, 0xef, 0xd0, 0xdf, 0xbf, 0x93, 0x07, 0xa0, 0x0a, 0x63, 0x0d, 0xf5, 0x00, 0x22, 0x44, 0xb2,
    0x40, 0x92, 0x44, 0x37, 0x55, 0x10, 0x00, 0x85, 0x45, 0x13, 0x05, 0x85, 0x03, 0x41, 0x01, 0x6f,
    0xe0, 0x0f, 0xb2, 0xb2, 0x40, 0x22, 0x44, 0x92, 0x44, 0xfa, 0x16, 0xc6, 0xd2, 0x7b, 0x03, 0x3b,
    0x8e, 0x9f, 0xff, 0xcb, 0x5d, 0x23, 0xce, 0x40, 0xbc, 0xda, 0x7d, 0x32, 0x89, 0x18, 0x96, 0xed,
    0x77, 0x98, 0x61, 0x5a, 0x3d, 0x54, 0xa2, 0xa4, 0x12, 0x67, 0x68, 0x32, 0x41, 0x01, 0x82, 0x80,
    0x15, 0x71, 0xa6, 0xcb, 0x86, 0xcf, 0xa2, 0xcd, 0xca, 0xc9, 0xce, 0xc7, 0xd2, 0xc5, 0xd6, 0xc3,
    0xda, 0xc1, 0x5e, 0xdf, 0x62, 0xdd, 0x66, 0xdb, 0x6a, 0xd9, 0x6e, 0xd7, 0x83, 0x46, 0x05, 0x00,
    0x93, 0x07, 0x20, 0x0a, 0xaa, 0x84, 0x63, 0x82, 0xf6, 0x02, 0x03, 0x47, 0x15, 0x00, 0x37, 0x56,
    0x10, 0x00, 0xb7, 0x55, 0x10, 0x00, 0x37, 0x55, 0x10, 0x00, 0x13, 0x06, 0x46, 0x13, 0x93, 0x85,
    0x05, 0x03, 0x13, 0x05, 0xc5, 0x06, 0xef, 0xe0, 0x6f, 0xa2, 0xb7, 0x39, 0x20, 0x00, 0x13, 0x85,
    0x09, 0xf4, 0xef, 0xd0, 0xff, 0xdc, 0x13, 0x84, 0x09, 0xf4, 0x05, 0x47, 0x23, 0x10, 0xe4, 0x00,
    0x83, 0xc7, 0x04, 0x00, 0xc1, 0x46, 0x13, 0x89, 0x09, 0xf4, 0x63, 0x82, 0xd7, 0x4c, 0x63, 0xeb,
    0xf6, 0x04, 0x91, 0x46, 0x63, 0x88, 0xd7, 0x38, 0x63, 0xed, 0xf6, 0x02, 0x63, 0x86, 0xe7, 0x08,
    0x09, 0x47, 0x63, 0x8b, 0xe7, 0x0e, 0x93, 0x07, 0xe0, 0x07, 0x23, 0x00, 0xf9, 0x00, 0x6e, 0x44,
    0xfe, 0x40, 0xde, 0x44, 0x4e, 0x49, 0x2e, 0x4a, 0x9e, 0x4a, 0x0e, 0x4b, 0xfa, 0x5b, 0x6a, 0x5c,
    0xda, 0x5c, 0x4a, 0x5d, 0xba, 0x5d, 0x13, 0x85, 0x09, 0xf4, 0xbe, 0x49, 0x2d, 0x61, 0x6f, 0xe0,
    0x4f, 0xbb, 0x21, 0x47, 0xe3, 0x99, 0xe7, 0xfc, 0x83, 0xc7, 0x14, 0x00, 0xc9, 0xe7, 0xef, 0xf0,
    0xff, 0xe8, 0xa5, 0xa1, 0x93, 0x06, 0x20, 0x0a, 0x63, 0x86, 0xd7, 0x54, 0x93, 0x06, 0x30, 0x0b,
    0x63, 0x86, 0xd7, 0x4c, 0xfa, 0xc1, 0xe1, 0x88, 0x58, 0xdb, 0x14, 0xc1, 0xd9, 0x86, 0x71, 0x1e,
    0x16, 0xca, 0xf2, 0xbb, 0x2c, 0xb5, 0xb9, 0x26, 0xda, 0xc4, 0xa8, 0x19, 0xbf, 0x6e, 0x79, 0x5f,
    0x5c, 0x27, 0x9b, 0xc2, 0xc8, 0x40, 0x33, 0x93, 0x06, 0x00, 0x02, 0xe3, 0x97, 0xd7, 0xfa, 0x83,
    0xc7, 0x14, 0x00, 0x63, 0x93, 0xe7, 0x06, 0x03, 0xc7, 0x24, 0x00, 0x95, 0x47, 0x63, 0x1e, 0xf7,
    0x04, 0x85, 0x45, 0x61, 0x45, 0xef, 0xd0, 0xbf, 0xcd, 0x93, 0x07, 0xa0, 0x0a, 0x63, 0x19, 0xf5,
    0x54, 0xb7, 0x27, 0x20, 0x00, 0x23, 0xa4, 0xa7, 0x62, 0x15, 0xa1, 0x03, 0xc7, 0x14, 0x00, 0x89,
    0x47, 0x63, 0x1c, 0xf7, 0x02, 0x83, 0xc7, 0x24, 0x00, 0x63, 0x8f, 0xe7, 0x02, 0x63, 0x64, 0xf7,
    0x02, 0x9d, 0xe7, 0x83, 0xc5, 0x34, 0x00, 0xf5, 0x47, 0x63, 0xe0, 0xb7, 0x02, 0x9e, 0x05, 0x93,
    0x85, 0x05, 0x10, 0x13, 0x05, 0x29, 0x00, 0xef, 0xf0, 0x0f, 0xb1, 0x13, 0x04, 0x00, 0x08, 0xa3,
    0x00, 0x89, 0x00, 0xb9, 0xb7, 0x63, 0x86, 0xd7, 0x02, 0x13, 0x04, 0x10, 0xf8, 0xe1, 0xac, 0x89,
    0x65, 0x93, 0x85, 0x05, 0x90, 0xf9, 0xbf, 0xb7, 0x47, 0x20, 0x00, 0x83, 0xa7, 0x07, 0xff, 0x11,
    0x46, 0x6c, 0x08, 0x13, 0x05, 0x29, 0x00, 0x3e, 0xce, 0x11, 0x44, 0xef, 0x20, 0xe0, 0x00, 0xc1,
    0xbf, 0xb7, 0x47, 0x20, 0x00, 0x83, 0xa7, 0x87, 0xfe, 0xdd, 0xb7, 0x03, 0xc4, 0x14, 0x00, 0xef,
    0xf0, 0x1f, 0xdd, 0x93, 0x07, 0x10, 0x02, 0xe3, 0x11, 0xf4, 0xfc, 0xef, 0xd0, 0x7f, 0x98, 0xef,
    0xd0, 0xdf, 0x9a, 0x03, 0xc5, 0x24, 0x02, 0xef, 0xf0, 0x4f, 0xa7, 0x93, 0x07, 0x30, 0x0c, 0x63,
    0x19, 0xf5, 0x00, 0x03, 0xc4, 0x24, 0x02, 0x8d, 0x47, 0x63, 0xf7, 0x87, 0x00, 0xef, 0xf0, 0xfa,
    0x97, 0x1c, 0x39, 0xbf, 0x81, 0x68, 0x38, 0xc5, 0x74, 0x6c, 0x2c, 0x29, 0x6b, 0xc0, 0xe2, 0xa9,
    0x4a, 0xe9, 0xd3, 0x0c, 0x13, 0x1f, 0x77, 0xe5, 0xc1, 0x2e, 0x33, 0x60, 0xb0, 0x3b, 0xe6, 0x79,
    0x18, 0x34, 0xff, 0xd6, 0x13, 0x04, 0x70, 0xf8, 0x85, 0xac, 0x13, 0x06, 0x10, 0x08, 0x81, 0x45,
    0x68, 0x08, 0xef, 0x10, 0x70, 0x7f, 0x13, 0x06, 0x00, 0x02, 0x93, 0x85, 0x24, 0x00, 0x13, 0x05,
    0xd1, 0x01, 0x23, 0x0e, 0x81, 0x00, 0xef, 0x10, 0x70, 0x7a, 0xef, 0xd0, 0x5f, 0x96, 0x37, 0x25,
    0x00, 0x08, 0xef, 0x10, 0x10, 0x57, 0x01, 0x47, 0x81, 0x46, 0x13, 0x06, 0x00, 0x02, 0x93, 0x05,
    0xd1, 0x03, 0x45, 0x45, 0xef, 0xf0, 0x5f, 0xad, 0x93, 0x07, 0xa0, 0x0a, 0x63, 0x08, 0xf5, 0x00,
    0x93, 0x05, 0x10, 0x08, 0x68, 0x08, 0xef, 0xd0, 0xaf, 0xa0, 0x5d, 0xb7, 0x81, 0x45, 0x68, 0x08,
    0xef, 0xd0, 0x1f, 0xdd, 0x93, 0x07, 0xa0, 0x0a, 0x2a, 0x8a, 0xe3, 0x13, 0xf5, 0xfe, 0x13, 0x07,
    0x00, 0x02, 0x93, 0x06, 0xd1, 0x01, 0x13, 0x06, 0x00, 0x02, 0x93, 0x05, 0xd1, 0x05, 0x49, 0x45,
    0xef, 0xf0, 0x9f, 0xa9, 0x2a, 0x84, 0xe3, 0x15, 0x45, 0xfd, 0x85, 0x45, 0x68, 0x08, 0xef, 0xd0,
    0x3f, 0xda, 0x2a, 0x8a, 0xe3, 0x1e, 0x85, 0xfa, 0x83, 0x47, 0xc1, 0x01, 0x05, 0x47, 0x93, 0x06,
    0xb1, 0x01, 0x13, 0x06, 0x00, 0x02, 0x93, 0x05, 0xd1, 0x05, 0x4d, 0x45, 0xa3, 0x0d, 0xf1, 0x00,
    0xef, 0xf0, 0x9f, 0xa6, 0x2a, 0x84, 0xe3, 0x1d, 0x45, 0xf9, 0x89, 0x45, 0x68, 0x08, 0xef, 0xd0,
    0x3f, 0xd7, 0x2a, 0x8a, 0xe3, 0x16, 0x85, 0xf8, 0x01, 0x47, 0x81, 0x46, 0x13, 0x06, 0x00, 0x02,
    0x93, 0x05, 0xd1, 0x05, 0x51, 0x45, 0xef, 0xf0, 0x3f, 0xa4, 0xfa, 0x17, 0x6a, 0x90, 0xef, 0x4c,
    0xc1, 0xfa, 0xfd, 0xb6, 0x2c, 0x9d, 0x98, 0x2f, 0xf7, 0x6a, 0x6d, 0x60, 0x6c, 0x0a, 0xea, 0x1c,
    0x9d, 0x07, 0x19, 0xd1, 0xf0, 0x89, 0xad, 0x8c, 0xfa, 0x4f, 0xa1, 0xf0, 0x34, 0x2a, 0x84, 0xe3,
    0x1a, 0x45, 0xf7, 0x8d, 0x45, 0x68, 0x08, 0xef, 0xd0, 0xdf, 0xd4, 0x2a, 0x8a, 0xe3, 0x13, 0x85,
    0xf6, 0x91, 0x45, 0x68, 0x08, 0xef, 0xd0, 0xff, 0xd3, 0x2a, 0x84, 0xe3, 0x1c, 0x45, 0xf5, 0x95,
    0x45, 0x68, 0x08, 0xef, 0xd0, 0x1f, 0xd3, 0xe3, 0x16, 0x85, 0xf4, 0x37, 0x14, 0x20, 0x00, 0xb7,
    0x05, 0x00, 0x04, 0x41, 0x46, 0x93, 0x85, 0x05, 0x08, 0x13, 0x05, 0x44, 0x03, 0xef, 0xd0, 0x7f,
    0xb6, 0x37, 0x1a, 0x20, 0x00, 0x13, 0x06, 0x00, 0x02, 0x93, 0x05, 0xd1, 0x03, 0x13, 0x05, 0x4a,
    0x04, 0xef, 0x10, 0xf0, 0x69, 0x37, 0x15, 0x20, 0x00, 0x13, 0x06, 0x00, 0x02, 0x93, 0x05, 0xd1,
    0x07, 0x13, 0x05, 0x45, 0x06, 0xef, 0x10, 0xb0, 0x68, 0x93, 0x05, 0x10, 0x08, 0x68, 0x08, 0xef,
    0xd0, 0x4f, 0x91, 0xef, 0xf0, 0xff, 0xc1, 0x83, 0xca, 0x24, 0x02, 0x8d, 0x47, 0xa2, 0x84, 0x63,
    0xf4, 0x57, 0x01, 0xef, 0xd0, 0x3f, 0x99, 0xb7, 0x5b, 0x10, 0x00, 0xb7, 0x0c, 0x01, 0x04, 0xef,
    0xd0, 0xdf, 0x80, 0x01, 0x4c, 0xef, 0xd0, 0x4f, 0x98, 0x93, 0x8b, 0x8b, 0x2e, 0x0d, 0x4d, 0xfd,
    0x5d, 0x93, 0x8c, 0x0c, 0x10, 0x13, 0x1b, 0x2c, 0x00, 0xb3, 0x87, 0x6b, 0x01, 0x83, 0xc5, 0x07,
    0x00, 0x2e, 0xc6, 0xc9, 0xc5, 0x80, 0x43, 0x13, 0x55, 0x44, 0x01, 0x41, 0x80, 0xef, 0xd0, 0x1f,
    0xa6, 0x3d, 0x88, 0xb2, 0x45, 0x13, 0x07, 0x00, 0x0f, 0xc1, 0x66, 0x63, 0x68, 0x8d, 0x00, 0x0e,
    0x04, 0x33, 0x94, 0x8d, 0x00, 0xfa, 0xcb, 0xa4, 0x80, 0xd6, 0xb9, 0xe5, 0xd2, 0x27, 0x26, 0x54,
    0x29, 0xb3, 0xa9, 0xca, 0x53, 0xe3, 0x04, 0x55, 0xc3, 0x3b, 0xf4, 0xe6, 0xa4, 0x72, 0x88, 0x79,
    0x39, 0x72, 0x54, 0x3b, 0x55, 0xa5, 0xc8, 0x35, 0x13, 0x44, 0xf4, 0xff, 0x61, 0x8d, 0x33, 0x86,
    0x6b, 0x01, 0x03, 0x46, 0x16, 0x00, 0x33, 0x55, 0x55, 0x01, 0x93, 0x77, 0x15, 0x00, 0x13, 0x76,
    0x06, 0x0f, 0x63, 0x03, 0xe6, 0x04, 0x13, 0x76, 0x05, 0x10, 0x19, 0xc2, 0x93, 0xe7, 0x27, 0x00,
    0x33, 0x76, 0xd5, 0x00, 0x19, 0xc2, 0x93, 0xe7, 0x47, 0x00, 0x37, 0x06, 0x00, 0x01, 0x71, 0x8d,
    0x19, 0xc1, 0x93, 0xe7, 0x87, 0x00, 0x33, 0x86, 0x6b, 0x01, 0x08, 0x42, 0x3d, 0x66, 0xc2, 0x07,
    0x69, 0x8e, 0x21, 0x81, 0x3d, 0x89, 0x22, 0x05, 0x49, 0x8e, 0x4d, 0x8e, 0xd1, 0x8f, 0x66, 0x9b,
    0x23, 0x20, 0xfb, 0x00, 0x05, 0x0c, 0x8d, 0xbf, 0xf9, 0xdf, 0x93, 0x07, 0xf0, 0x0f, 0xe1, 0xbf,
    0xef, 0xd0, 0xaf, 0xfa, 0xb7, 0x37, 0x20, 0x00, 0x13, 0x07, 0xa0, 0x0a, 0x13, 0x06, 0x00, 0x02,
    0x93, 0x05, 0x4a, 0x04, 0x13, 0x05, 0x29, 0x00, 0x23, 0xa4, 0xe7, 0x0a, 0xef, 0x10, 0x70, 0x59,
    0x41, 0x46, 0x93, 0x85, 0x44, 0x03, 0x13, 0x05, 0x29, 0x02, 0xef, 0x10, 0x90, 0x58, 0x13, 0x05,
    0x00, 0x10, 0xef, 0xd0, 0x8f, 0xf4, 0x13, 0x04, 0x00, 0x03, 0xef, 0xd0, 0x0f, 0xf5, 0x2d, 0xbb,
    0xb7, 0x37, 0x20, 0x00, 0x03, 0xa7, 0x87, 0x0a, 0x93, 0x07, 0xa0, 0x0a, 0x03, 0xc4, 0x14, 0x00,
    0x63, 0x16, 0xf7, 0x10, 0x05, 0xec, 0x13, 0x04, 0x10, 0xf8, 0xef, 0xf0, 0xff, 0xb2, 0xb3, 0x06,
    0x80, 0x40, 0x37, 0x56, 0x10, 0x00, 0xb7, 0x55, 0x10, 0x00, 0x37, 0x55, 0x10, 0x00, 0x93, 0xf6,
    0xfa, 0x61, 0xba, 0x72, 0x02, 0xfb, 0xe9, 0x82, 0x82, 0x55, 0x0a, 0xa4, 0xda, 0x47, 0x8d, 0xb8,
    0x08, 0x97, 0x6f, 0xff, 0x71, 0x36, 0xda, 0x57, 0xc4, 0x03, 0x54, 0xe3, 0x6c, 0x03, 0xba, 0x42,
    0x20, 0xa0, 0x36, 0xf6, 0x0f, 0x13, 0x06, 0x46, 0x15, 0x93, 0x85, 0x05, 0x03, 0x13, 0x05, 0xc5,
    0x06, 0x23, 0x00, 0xd9, 0x00, 0xef, 0xd0, 0x7f, 0xe2, 0xa3, 0x00, 0x09, 0x00, 0x81, 0xb1, 0xb7,
    0x3a, 0x20, 0x00, 0x83, 0xa7, 0xca, 0x08, 0x93, 0x8a, 0xca, 0x08, 0xad, 0xcb, 0x89, 0x04, 0x37,
    0x3a, 0x20, 0x00, 0x13, 0x0a, 0x8a, 0x08, 0x83, 0x26, 0x0a, 0x00, 0x03, 0xa7, 0x0a, 0x00, 0x37,
    0x56, 0x10, 0x00, 0xb7, 0x55, 0x10, 0x00, 0x37, 0x55, 0x10, 0x00, 0x13, 0x05, 0xc5, 0x06, 0xa2,
    0x96, 0x13, 0x06, 0x86, 0x14, 0x93, 0x85, 0x05, 0x09, 0xef, 0xd0, 0x3f, 0xde, 0x03, 0x25, 0x0a,
    0x00, 0x83, 0xa7, 0x0a, 0x00, 0x33, 0x07, 0xa4, 0x00, 0xe3, 0xe0, 0xe7, 0xf8, 0x85, 0x67, 0x93,
    0x87, 0x07, 0x02, 0xe3, 0xeb, 0xe7, 0xf6, 0xb7, 0x07, 0x20, 0x00, 0x93, 0x87, 0x47, 0x01, 0x22,
    0x86, 0x3e, 0x95, 0xa6, 0x85, 0xef, 0x10, 0x10, 0x4c, 0x83, 0x27, 0x0a, 0x00, 0x3e, 0x94, 0x83,
    0xa7, 0x0a, 0x00, 0x23, 0x20, 0x8a, 0x00, 0xb9, 0xef, 0x75, 0x54, 0x99, 0xbf, 0x89, 0x47, 0xe3,
    0xf5, 0x87, 0xf4, 0x03, 0xca, 0x34, 0x00, 0x83, 0xc7, 0x24, 0x00, 0x79, 0x14, 0x22, 0x0a, 0x3e,
    0x9a, 0x85, 0x67, 0x93, 0x06, 0xfa, 0xff, 0x13, 0x87, 0xf7, 0x00, 0x91, 0x04, 0xe3, 0x66, 0xd7,
    0xf2, 0x37, 0x0b, 0x20, 0x00, 0x13, 0x0b, 0x4b, 0x01, 0x3e, 0x9b, 0x41, 0x0a, 0x93, 0x07, 0xf0,
    0x07, 0xa3, 0x0c, 0xfb, 0x06, 0x23, 0xa0, 0x4a, 0x01, 0xef, 0xd0, 0xfa, 0xbb, 0x17, 0x1f, 0xe1,
    0xb5, 0xed, 0x11, 0x94, 0x10, 0x9f, 0x9f, 0x44, 0x06, 0x74, 0xe1, 0xdb, 0x73, 0x5b, 0xe8, 0xd5,
    0x20, 0xd2, 0x28, 0x72, 0xa8, 0x91, 0xe9, 0xec, 0x06, 0xc0, 0x5c, 0xfb, 0x78, 0x37, 0x4f, 0xe0,
    0xb7, 0x37, 0x20, 0x00, 0x23, 0x28, 0x4b, 0x07, 0x23, 0x2a, 0x0b, 0x06, 0x23, 0xa4, 0x07, 0x08,
    0x89, 0xb7, 0x13, 0x04, 0x60, 0xf8, 0xed, 0xbd, 0xe3, 0x12, 0xf4, 0xfa, 0x01, 0x44, 0x01, 0xb9,
    0x83, 0xc7, 0x14, 0x00, 0xe3, 0x9a, 0x07, 0xc0, 0x37, 0x15, 0x20, 0x00, 0x83, 0x47, 0x05, 0x09,
    0xa1, 0xc3, 0xb7, 0x17, 0x20, 0x00, 0x83, 0xc7, 0x07, 0x19, 0x89, 0xeb, 0xb7, 0x37, 0x20, 0x00,
    0x03, 0xa7, 0x87, 0x0b, 0x93, 0x07, 0xa0, 0x0a, 0x63, 0x18, 0xf7, 0x00, 0xb7, 0x37, 0x20, 0x00,
    0x13, 0x07, 0xa0, 0x0a, 0x23, 0xac, 0xe7, 0x04, 0xb7, 0x37, 0x20, 0x00, 0x13, 0x07, 0xa0, 0x0a,
    0x13, 0x05, 0x05, 0x09, 0x23, 0xac, 0xe7, 0x06, 0xef, 0xd0, 0x9f, 0xde, 0xe3, 0x06, 0x05, 0xbc,
    0xfe, 0x40, 0x6e, 0x44, 0xde, 0x44, 0x4e, 0x49, 0xbe, 0x49, 0x2e, 0x4a, 0x9e, 0x4a, 0x0e, 0x4b,
    0xfa, 0x5b, 0x6a, 0x5c, 0xda, 0x5c, 0x4a, 0x5d, 0xba, 0x5d, 0x2d, 0x61, 0x82, 0x80, 0x83, 0xc6,
    0x14, 0x00, 0xe3, 0x93, 0xe6, 0xba, 0x83, 0xc7, 0x24, 0x00, 0x63, 0x81, 0xd7, 0x04, 0x0d, 0x47,
    0xe3, 0x9c, 0xe7, 0xb8, 0xa1, 0x45, 0x01, 0x45, 0xef, 0xd0, 0x7f, 0x81, 0x93, 0x07, 0xa0, 0x0a,
    0x2a, 0x84, 0x63, 0x16, 0xf5, 0x08, 0xb7, 0x44, 0x20, 0x00, 0xb7, 0xb7, 0xb5, 0x61, 0x93, 0x87,
    0x57, 0x49, 0x93, 0x84, 0x04, 0xe0, 0x23, 0xac, 0xf4, 0x1e, 0xef, 0xd0, 0x4f, 0xa3, 0xb7, 0x27,
    0x20, 0x00, 0x23, 0xae, 0xa4, 0x1e, 0xfa, 0xbb, 0xc9, 0x3b, 0x77, 0xb9, 0xea, 0x46, 0x01, 0xd2,
    0x83, 0x92, 0x54, 0xbf, 0xa7, 0x03, 0x9c, 0x33, 0x57, 0xaa, 0xdc, 0xfc, 0xe0, 0x55, 0xcd, 0x7a,
    0x79, 0x1a, 0x8d, 0xba, 0x3b, 0x86, 0xbd, 0x50, 0x38, 0x23, 0xa8, 0x87, 0x62, 0x89, 0xb7, 0x37,
    0x44, 0x20, 0x00, 0xb7, 0x17, 0x78, 0x4a, 0x93, 0x87, 0x97, 0x21, 0x13, 0x04, 0x04, 0xe0, 0x23,
    0x2c, 0xf4, 0x1e, 0xef, 0xd0, 0xef, 0xa0, 0xb7, 0x27, 0x20, 0x00, 0x13, 0x07, 0xa0, 0x0a, 0x23,
    0x2e, 0xa4, 0x1e, 0x23, 0xa8, 0xe7, 0x62, 0x21, 0xbf, 0xb7, 0x27, 0x20, 0x00, 0x03, 0xa7, 0x47,
    0x63, 0x93, 0x07, 0xa0, 0x0a, 0x13, 0x04, 0x80, 0xf8, 0xe3, 0x1f, 0xf7, 0xde, 0x83, 0xc7, 0x14,
    0x00, 0xe3, 0x9d, 0x07, 0xb0, 0x93, 0x05, 0xc0, 0x0f, 0x13, 0x05, 0x29, 0x00, 0xef, 0xd0, 0xaf,
    0x8c, 0x2a, 0x84, 0xe3, 0x42, 0x05, 0xde, 0x93, 0x07, 0xc0, 0x0f, 0xe3, 0xc2, 0xa7, 0xcc, 0xcd,
    0xbc, 0x13, 0x04, 0x80, 0xf8, 0xc9, 0xbb, 0x37, 0x27, 0x00, 0x06, 0x1c, 0x47, 0x85, 0x46, 0x9d,
    0x8b, 0x63, 0x89, 0xd7, 0x02, 0x41, 0x11, 0x06, 0xc6, 0x89, 0x65, 0x37, 0x05, 0x10, 0x00, 0x14,
    0xcb, 0x13, 0x05, 0x25, 0x39, 0x93, 0x85, 0x05, 0x71, 0xef, 0xe0, 0xaf, 0xe5, 0xb7, 0x27, 0x00,
    0x06, 0x09, 0x47, 0x98, 0xcb, 0x05, 0x65, 0xb2, 0x40, 0x13, 0x05, 0x05, 0x80, 0x41, 0x01, 0x6f,
    0xd0, 0x4f, 0xcb, 0xb7, 0x27, 0x00, 0x06, 0x09, 0x47, 0x05, 0x65, 0x98, 0xcb, 0x13, 0x05, 0x05,
    0x80, 0xfd, 0xb7, 0x37, 0x57, 0x10, 0x00, 0x13, 0x07, 0x47, 0x36, 0x49, 0x71, 0x14, 0x43, 0x23,
    0x22, 0x91, 0x16, 0x58, 0x43, 0xb7, 0x24, 0x20, 0x00, 0x23, 0x26, 0x11, 0x16, 0x23, 0x24, 0x81,
    0x16, 0xfa, 0xfc, 0x87, 0x3a, 0xf6, 0x63, 0xe2, 0x0d, 0x3c, 0x9b, 0xde, 0xa9, 0xcd, 0x33, 0x26,
    0x99, 0x72, 0xa1, 0x1a, 0x58, 0x96, 0x08, 0x4a, 0x71, 0x82, 0xd4, 0x56, 0x41, 0xaa, 0x37, 0x09,
    0xce, 0x79, 0x28, 0x39, 0x23, 0x20, 0x21, 0x17, 0x23, 0x2e, 0x31, 0x15, 0x23, 0x2c, 0x41, 0x15,
    0x23, 0x2a, 0x51, 0x15, 0x23, 0x28, 0x61, 0x15, 0x23, 0x26, 0x71, 0x15, 0x23, 0x24, 0x81, 0x15,
    0x23, 0x22, 0x91, 0x15, 0x23, 0x20, 0xa1, 0x15, 0x23, 0x2e, 0xb1, 0x13, 0x93, 0x87, 0x04, 0x62,
    0x94, 0xc3, 0xd8, 0xc3, 0x13, 0x07, 0x50, 0x05, 0x98, 0xcb, 0x98, 0xc7, 0xd8, 0xc7, 0xd8, 0xcb,
    0xb7, 0x06, 0x00, 0x03, 0xdc, 0x42, 0x7d, 0x77, 0x13, 0x07, 0xf7, 0x0f, 0xf9, 0x8f, 0x37, 0x07,
    0x01, 0x01, 0xdc, 0xc2, 0x13, 0x07, 0x17, 0x10, 0xb7, 0x07, 0x00, 0x01, 0x98, 0xd3, 0x37, 0x07,
    0x03, 0x04, 0x09, 0x07, 0xd8, 0xd3, 0x13, 0x07, 0x50, 0x60, 0x98, 0xd7, 0x37, 0x17, 0x09, 0x00,
    0x13, 0x07, 0x77, 0x80, 0xd8, 0xd7, 0x37, 0x17, 0x0b, 0x0b, 0x13, 0x07, 0xa7, 0xa0, 0x98, 0xdb,
    0x37, 0x17, 0x0c, 0x00, 0x13, 0x07, 0xb7, 0xc0, 0xd8, 0xdb, 0x37, 0x17, 0x0f, 0x00, 0x13, 0x07,
    0xd7, 0xe0, 0x98, 0xdf, 0x05, 0x67, 0xd8, 0xdf, 0xb7, 0x17, 0xff, 0x7f, 0x93, 0x87, 0x07, 0x80,
    0x73, 0xa0, 0x47, 0x30, 0xa1, 0x47, 0x73, 0xa0, 0x07, 0x30, 0xb7, 0x07, 0x00, 0x02, 0x0d, 0x47,
    0xf8, 0xcb, 0x13, 0x07, 0x30, 0x03, 0xb8, 0xcf, 0x93, 0x07, 0x00, 0x08, 0x73, 0xa0, 0x47, 0x30,
    0xb7, 0x07, 0x10, 0x01, 0xd8, 0x43, 0x93, 0x06, 0x60, 0x04, 0x37, 0x44, 0x20, 0x00, 0x13, 0x67,
    0x27, 0x00, 0xd8, 0xc3, 0x13, 0x07, 0x70, 0x3e, 0x98, 0xcb, 0xd4, 0xcb, 0xfa, 0x8a, 0xc6, 0x32,
    0x67, 0x67, 0x76, 0x88, 0xf6, 0x47, 0x03, 0x41, 0x83, 0xb0, 0x87, 0x24, 0x6c, 0x31, 0xb1, 0xf0,
    0xd9, 0x0c, 0x7e, 0xad, 0xe2, 0x5d, 0x3b, 0xed, 0x85, 0x0f, 0x4a, 0x78, 0xc3, 0x00, 0x3a, 0xd8,
    0x47, 0x13, 0x0a, 0x04, 0xe0, 0x37, 0x59, 0x10, 0x00, 0x13, 0x67, 0x37, 0x00, 0xd8, 0xc7, 0xd8,
    0x43, 0x13, 0x67, 0x17, 0x00, 0xd8, 0xc3, 0xb7, 0x07, 0x20, 0x01, 0xd8, 0x43, 0x79, 0x9b, 0xd8,
    0xc3, 0xd8, 0x43, 0x75, 0x9b, 0xd8, 0xc3, 0x7d, 0x57, 0x98, 0xcb, 0xd4, 0xcb, 0x23, 0xac, 0x07,
    0x00, 0xef, 0xd0, 0x6f, 0x84, 0x83, 0x27, 0xca, 0x1f, 0x13, 0x87, 0x04, 0x62, 0x3a, 0xc8, 0x63,
    0x04, 0xf5, 0x02, 0x85, 0x45, 0x13, 0x05, 0x09, 0x03, 0xef, 0xd0, 0x5f, 0xb3, 0x13, 0x06, 0xc0,
    0x1f, 0x81, 0x45, 0x13, 0x05, 0x04, 0xe0, 0xef, 0x10, 0x70, 0x1c, 0xef, 0xd0, 0xcf, 0x81, 0x23,
    0x2e, 0xaa, 0x1e, 0xef, 0xd0, 0x4f, 0xca, 0x85, 0x45, 0x41, 0x45, 0xef, 0xd0, 0xcf, 0xdc, 0xc2,
    0x47, 0x93, 0x09, 0x04, 0xe0, 0x37, 0x04, 0x01, 0x02, 0xc8, 0xcb, 0x04, 0x54, 0x1c, 0x58, 0x29,
    0x45, 0xdd, 0x8c, 0x1c, 0x5c, 0xdd, 0x8c, 0x93, 0xf7, 0xf4, 0x87, 0x1c, 0xd4, 0x1c, 0xd8, 0x1c,
    0xdc, 0x5c, 0x40, 0x93, 0xe7, 0x87, 0x00, 0x5c, 0xc0, 0xef, 0xd0, 0xef, 0x92, 0x1c, 0x50, 0x58,
    0x50, 0x93, 0xf7, 0x07, 0x78, 0x91, 0xc7, 0x13, 0x05, 0x00, 0x78, 0x81, 0x45, 0xef, 0xd0, 0xcf,
    0x94, 0x37, 0x04, 0x01, 0x02, 0x04, 0xd4, 0x04, 0xd8, 0x04, 0xdc, 0x78, 0x50, 0x34, 0x50, 0x37,
    0x3a, 0x20, 0x00, 0x93, 0x07, 0x0a, 0x0a, 0x94, 0xc3, 0xd8, 0xc3, 0xef, 0xd0, 0x4f, 0xfb, 0x83,
    0xa6, 0x09, 0x1f, 0xb7, 0x54, 0x10, 0x00, 0xfa, 0x90, 0xd6, 0x34, 0xf0, 0x1e, 0x9d, 0xf9, 0x54,
    0x05, 0x67, 0x63, 0x16, 0xc0, 0x3b, 0x7e, 0xb1, 0xcd, 0xd6, 0x34, 0x25, 0x2f, 0xb0, 0xd5, 0x0d,
    0xc6, 0x23, 0x9f, 0x8b, 0xda, 0xe8, 0xd7, 0xe1, 0xd8, 0x3a, 0x37, 0x56, 0x10, 0x00, 0x13, 0x06,
    0xc6, 0x15, 0x93, 0x05, 0x09, 0x03, 0x13, 0x85, 0xc4, 0x06, 0xef, 0xd0, 0x1f, 0x9f, 0x1c, 0x44,
    0x93, 0x06, 0x0a, 0x0a, 0x13, 0x07, 0x50, 0x05, 0xa1, 0x83, 0x93, 0xf7, 0xf7, 0x0f, 0x36, 0xc6,
    0x26, 0xca, 0x63, 0x9e, 0xe7, 0x00, 0x37, 0x56, 0x10, 0x00, 0x37, 0x55, 0x10, 0x00, 0x13, 0x06,
    0xc6, 0x16, 0x93, 0x05, 0x09, 0x03, 0x13, 0x05, 0x85, 0x09, 0xef, 0xd0, 0x1f, 0x9c, 0x37, 0x37,
    0x20, 0x00, 0x93, 0x07, 0x50, 0x05, 0x13, 0x07, 0xc7, 0x0e, 0x1c, 0xc3, 0x83, 0xa7, 0x49, 0x01,
    0x99, 0x46, 0x9d, 0x8b, 0x63, 0x8d, 0xd7, 0x06, 0x9d, 0x46, 0x63, 0x8b, 0xd7, 0x00, 0x15, 0x47,
    0x63, 0x9b, 0xe7, 0x00, 0x37, 0x07, 0x00, 0x02, 0x7c, 0x43, 0x93, 0xf7, 0xf7, 0xf7, 0xad, 0xa0,
    0x93, 0x07, 0xa0, 0x0a, 0x1c, 0xc3, 0x85, 0x69, 0xb7, 0x34, 0x20, 0x00, 0x93, 0x87, 0x49, 0x86,
    0x13, 0x04, 0x50, 0x05, 0x23, 0xa0, 0xf4, 0x06, 0xb7, 0x37, 0x20, 0x00, 0x23, 0xa2, 0x87, 0x06,
    0xb7, 0x37, 0x20, 0x00, 0x23, 0xa4, 0x87, 0x06, 0xef, 0xe0, 0xff, 0x8b, 0xb7, 0x37, 0x20, 0x00,
    0x13, 0x85, 0x09, 0x80, 0x23, 0xa6, 0x87, 0x06, 0xef, 0xd0, 0x8f, 0x9e, 0xef, 0xc0, 0x9f, 0xc0,
    0x13, 0x87, 0x04, 0x06, 0x93, 0x07, 0xa0, 0x0a, 0x3a, 0xd0, 0x63, 0x01, 0xf5, 0x02, 0x37, 0x55,
    0x10, 0x00, 0x89, 0x45, 0x13, 0x05, 0x45, 0x0a, 0xef, 0xd0, 0x9f, 0x9d, 0x6d, 0xbd, 0x37, 0x07,
    0x00, 0x02, 0xfa, 0xf2, 0xc0, 0x8e, 0x5c, 0xb8, 0x08, 0xb9, 0x1d, 0xa4, 0x01, 0xa1, 0x4e, 0xc9,
    0x1a, 0x31, 0x96, 0x8b, 0xfe, 0x5b, 0xd3, 0xb8, 0x60, 0x8f, 0x4b, 0x9e, 0x0e, 0x6e, 0x91, 0x90,
    0x41, 0xca, 0xba, 0xb0, 0x3b, 0x7c, 0x43, 0x93, 0xe7, 0x07, 0x08, 0x7c, 0xc3, 0x71, 0xbf, 0xb7,
    0x07, 0x46, 0x00, 0x37, 0x27, 0x00, 0x06, 0x85, 0x07, 0x5c, 0xcf, 0xb7, 0x55, 0x10, 0x00, 0x85,
    0x47, 0x5c, 0xc7, 0x13, 0x06, 0x00, 0x03, 0x93, 0x85, 0x45, 0x26, 0x08, 0x18, 0xef, 0x10, 0xb0,
    0x00, 0x00, 0x18, 0xfd, 0x59, 0xb7, 0x24, 0x00, 0x06, 0x08, 0x40, 0x19, 0xc9, 0xef, 0xe0, 0xdf,
    0x96, 0x63, 0x13, 0x35, 0x01, 0x08, 0x44, 0x5c, 0x40, 0x31, 0x04, 0xa6, 0x97, 0x88, 0xc3, 0xed,
    0xb7, 0xef, 0x10, 0x20, 0x66, 0x37, 0x35, 0x00, 0x08, 0x02, 0xd8, 0xef, 0x10, 0x20, 0x5b, 0x11,
    0x46, 0x0c, 0x18, 0x37, 0x35, 0x00, 0x08, 0xef, 0x10, 0x80, 0x66, 0x93, 0x07, 0xa0, 0x0a, 0xe3,
    0x15, 0xf5, 0xe4, 0x37, 0x35, 0x00, 0x08, 0xef, 0x10, 0x60, 0x5d, 0x42, 0x57, 0xb7, 0x37, 0x20,
    0x00, 0x09, 0x65, 0x23, 0xac, 0xe7, 0x08, 0x13, 0x05, 0x05, 0x98, 0xb7, 0x37, 0x20, 0x00, 0x05,
    0x47, 0x23, 0x8e, 0xe7, 0x08, 0xef, 0xe0, 0xdf, 0x94, 0xfd, 0x57, 0x8d, 0x45, 0x63, 0x12, 0xf5,
    0x02, 0x01, 0x44, 0x93, 0x09, 0x00, 0x18, 0x22, 0x85, 0xef, 0xd0, 0xcf, 0xbb, 0xaa, 0x84, 0x22,
    0x85, 0xef, 0xe0, 0x3f, 0x9d, 0x93, 0x47, 0xf5, 0xff, 0x33, 0xf5, 0x97, 0x00, 0x09, 0xc5, 0x89,
    0x45, 0x13, 0x05, 0x09, 0x03, 0x1d, 0xbf, 0x11, 0x04, 0xe3, 0x1f, 0x34, 0xfd, 0xb7, 0x37, 0x20,
    0x00, 0x13, 0x07, 0x50, 0x05, 0x09, 0x65, 0x23, 0xa4, 0xe7, 0x0a, 0xef, 0xd0, 0xfa, 0xef, 0xb5,
    0xfd, 0xd7, 0x3b, 0x71, 0x89, 0x48, 0x23, 0x95, 0x2f, 0x01, 0xb2, 0xf5, 0x63, 0xf3, 0x25, 0x7f,
    0x82, 0x7a, 0x0d, 0x12, 0x0c, 0xac, 0x68, 0x64, 0xaa, 0x67, 0x33, 0xde, 0xf1, 0xfa, 0x88, 0x3c,
    0x8f, 0x8e, 0xb7, 0x06, 0x00, 0x07, 0xdc, 0x42, 0x37, 0x07, 0x00, 0x80, 0x1d, 0x07, 0xf9, 0x8f,
    0x37, 0x87, 0x00, 0x22, 0x13, 0x07, 0x07, 0x14, 0xd9, 0x8f, 0xb7, 0x55, 0x10, 0x00, 0xdc, 0xc2,
    0x13, 0x06, 0x40, 0x05, 0x93, 0x85, 0x45, 0x29, 0x08, 0x18, 0x04, 0x18, 0xef, 0x10, 0xe0, 0x72,
    0x13, 0x09, 0x41, 0x08, 0x26, 0x84, 0x48, 0x40, 0x01, 0xc5, 0xef, 0xe0, 0xbf, 0x8c, 0x48, 0xc0,
    0x31, 0x04, 0xe3, 0x1a, 0x89, 0xfe, 0x05, 0x65, 0xef, 0xd0, 0xef, 0x89, 0x37, 0x07, 0x01, 0x07,
    0x5c, 0x43, 0x37, 0x14, 0x01, 0x07, 0x13, 0x09, 0x04, 0x07, 0xe1, 0x9b, 0x93, 0xe7, 0x27, 0x00,
    0x5c, 0xc3, 0xa6, 0x85, 0x22, 0x85, 0x31, 0x46, 0x41, 0x04, 0xef, 0xd0, 0x2f, 0xc2, 0xb1, 0x04,
    0xe3, 0x19, 0x24, 0xff, 0xb7, 0x07, 0x01, 0x07, 0x2d, 0x47, 0xd8, 0xc7, 0xef, 0xe0, 0x2f, 0xe1,
    0xef, 0xd0, 0x6f, 0x88, 0xb7, 0x07, 0x01, 0x04, 0x85, 0x49, 0x09, 0x67, 0x0d, 0x07, 0x23, 0xac,
    0x37, 0x01, 0x98, 0xc7, 0x23, 0xaa, 0x07, 0x00, 0xef, 0xc0, 0xdf, 0x9e, 0x37, 0x09, 0x20, 0x00,
    0xef, 0xd0, 0x2f, 0x8b, 0x51, 0x46, 0x81, 0x45, 0x13, 0x05, 0x09, 0x00, 0xef, 0x10, 0xa0, 0x6e,
    0x13, 0x04, 0x50, 0x05, 0xb7, 0x34, 0x20, 0x00, 0x1d, 0x65, 0x23, 0xaa, 0x84, 0x08, 0xef, 0xd0,
    0x8f, 0x82, 0xb7, 0x07, 0x00, 0x04, 0x11, 0x65, 0x23, 0xa8, 0x37, 0x01, 0xef, 0xd0, 0x6f, 0x85,
    0xb7, 0x37, 0x20, 0x00, 0x23, 0xa6, 0x87, 0x0a, 0xfa, 0xb8, 0xf9, 0x3d, 0xc5, 0xfb, 0x99, 0x5b,
    0x90, 0x05, 0xf5, 0x0c, 0x05, 0x2b, 0x3c, 0x16, 0xe5, 0x30, 0xfa, 0x17, 0xb6, 0x17, 0x82, 0x2c,
    0x27, 0xbe, 0x0d, 0xc7, 0x5f, 0x0a, 0x33, 0x89, 0xe3, 0x60, 0x3d, 0xb7, 0x37, 0x20, 0x00, 0x23,
    0xa8, 0x87, 0x0a, 0xef, 0xd0, 0xcf, 0x83, 0x89, 0x47, 0x37, 0x24, 0x03, 0x04, 0x37, 0x05, 0x10,
    0x00, 0x5c, 0xc0, 0x93, 0x05, 0x80, 0x3e, 0x13, 0x05, 0xc5, 0x15, 0xef, 0xe0, 0xef, 0x92, 0x13,
    0x87, 0x44, 0x09, 0x93, 0x07, 0xa0, 0x0a, 0x4a, 0xd2, 0x3a, 0xcc, 0x63, 0x08, 0xf5, 0x00, 0x37,
    0x55, 0x10, 0x00, 0x91, 0x45, 0x13, 0x05, 0xc5, 0x0f, 0x21, 0xb5, 0x8d, 0x47, 0x37, 0x17, 0x03,
    0x04, 0x5c, 0xc4, 0x13, 0x07, 0x07, 0x80, 0xb7, 0x07, 0x03, 0x04, 0x23, 0xa0, 0x07, 0x00, 0x91,
    0x07, 0xe3, 0x9d, 0xe7, 0xfe, 0xef, 0xf0, 0x2f, 0xb2, 0xb7, 0x17, 0x20, 0x00, 0xb7, 0x0a, 0x20,
    0x00, 0x85, 0x69, 0x13, 0x8a, 0x07, 0x41, 0x37, 0x39, 0x20, 0x00, 0x93, 0x07, 0x09, 0x09, 0x98,
    0x43, 0x95, 0x47, 0x13, 0x09, 0x09, 0x09, 0x63, 0x04, 0xf7, 0x02, 0x83, 0x27, 0x09, 0x00, 0xb5,
    0xcf, 0xef, 0xc0, 0x9f, 0xaf, 0x93, 0x07, 0xa0, 0x0a, 0x63, 0x19, 0xf5, 0x06, 0x01, 0x00, 0x03,
    0x27, 0x09, 0x00, 0x91, 0x47, 0x63, 0xc5, 0xe7, 0x00, 0x99, 0x47, 0x23, 0x20, 0xf9, 0x00, 0xef,
    0xc0, 0x3f, 0xaf, 0x93, 0x07, 0xa0, 0x0a, 0x63, 0x04, 0xf5, 0x00, 0xef, 0xc0, 0x9f, 0xb0, 0x03,
    0x27, 0x09, 0x00, 0x95, 0x47, 0x63, 0x08, 0xf7, 0x02, 0x83, 0x26, 0x09, 0x00, 0x19, 0x47, 0x93,
    0x07, 0xc0, 0x07, 0x63, 0x83, 0xe6, 0x00, 0x81, 0x47, 0x83, 0x26, 0x09, 0x00, 0x1d, 0x47, 0x63,
    0x8c, 0xe6, 0x1c, 0xfa, 0xaf, 0xba, 0x39, 0x8d, 0x9e, 0x96, 0x9e, 0xc4, 0xcc, 0xf2, 0xbf, 0x7a,
    0xe9, 0x5d, 0xc3, 0x84, 0x48, 0x90, 0x9f, 0xfc, 0x53, 0x9e, 0x33, 0x08, 0xca, 0x09, 0x40, 0xfe,
    0x40, 0x84, 0x13, 0x96, 0x38, 0x3e, 0x95, 0xc3, 0x08, 0x18, 0x23, 0x08, 0xf1, 0x02, 0xa3, 0x08,
    0x01, 0x02, 0xef, 0xd0, 0xbf, 0x88, 0x11, 0xa8, 0xb7, 0x37, 0x20, 0x00, 0x37, 0x37, 0x20, 0x00,
    0x83, 0xa7, 0x47, 0x08, 0x03, 0x25, 0xc7, 0x07, 0x82, 0x97, 0x23, 0x20, 0x09, 0x00, 0xef, 0xd0,
    0x1f, 0xa6, 0xb7, 0x37, 0x20, 0x00, 0x83, 0xa7, 0xc7, 0x08, 0x63, 0x80, 0x07, 0x14, 0x37, 0x37,
    0x20, 0x00, 0x03, 0x27, 0x87, 0x08, 0x63, 0x9a, 0xe7, 0x12, 0x37, 0x3d, 0x20, 0x00, 0x83, 0x47,
    0x0d, 0x07, 0x13, 0x0d, 0x0d, 0x07, 0x63, 0x92, 0x07, 0x5a, 0x37, 0x17, 0x20, 0x00, 0x93, 0x07,
    0xf0, 0x07, 0x93, 0x06, 0x47, 0x01, 0xa3, 0x8c, 0xf6, 0x06, 0x93, 0x07, 0x47, 0x01, 0xb0, 0x5b,
    0x41, 0x4b, 0x13, 0x8c, 0x4a, 0x01, 0x93, 0x04, 0x47, 0x01, 0x63, 0x7a, 0xcb, 0x0e, 0x13, 0x04,
    0x06, 0xff, 0xef, 0xc0, 0xbf, 0xed, 0x01, 0x45, 0xef, 0xe0, 0x5f, 0xe8, 0x22, 0x86, 0x63, 0x73,
    0x8b, 0x00, 0x41, 0x46, 0x93, 0x85, 0x4a, 0x01, 0x01, 0x45, 0xef, 0xe0, 0x1f, 0xe9, 0xb7, 0x07,
    0x01, 0x04, 0x98, 0x4b, 0xb7, 0x57, 0x10, 0x00, 0x93, 0x87, 0x87, 0x2e, 0x13, 0x77, 0xf7, 0x0f,
    0x23, 0x8c, 0xe4, 0x06, 0x83, 0xc6, 0x07, 0x00, 0x63, 0x94, 0x06, 0x12, 0x03, 0xab, 0x04, 0x07,
    0xc1, 0x47, 0x63, 0xff, 0x67, 0x09, 0x01, 0x45, 0xef, 0xe0, 0x5f, 0xe4, 0x13, 0x06, 0x0b, 0xff,
    0x93, 0x85, 0x4a, 0x01, 0x13, 0x85, 0x4a, 0x01, 0xef, 0xe0, 0x3f, 0xe5, 0x21, 0x45, 0xfa, 0x4c,
    0xfb, 0x72, 0x6a, 0x60, 0x6e, 0xe2, 0x2d, 0x70, 0x78, 0x1f, 0x42, 0x7a, 0x79, 0xfe, 0x84, 0x27,
    0x27, 0x7e, 0x1c, 0x61, 0x56, 0xda, 0x8e, 0xd5, 0x25, 0x0f, 0x45, 0x32, 0x88, 0x76, 0xe2, 0x10,
    0x3f, 0xef, 0xe0, 0x7f, 0x88, 0xb7, 0x0b, 0x00, 0x04, 0x37, 0x14, 0x20, 0x00, 0x41, 0x46, 0x93,
    0x85, 0x0b, 0x08, 0x13, 0x05, 0x44, 0x03, 0xef, 0xd0, 0x0f, 0x97, 0x92, 0x57, 0x37, 0x56, 0x10,
    0x00, 0xb7, 0x5d, 0x10, 0x00, 0x93, 0x87, 0x07, 0x00, 0x23, 0xa2, 0x07, 0x00, 0xd2, 0x47, 0x83,
    0xa6, 0x4b, 0x01, 0x13, 0x06, 0xc6, 0x17, 0x13, 0x85, 0xc7, 0x06, 0x93, 0x85, 0x4d, 0x06, 0xef,
    0xd0, 0xaf, 0xd8, 0xfd, 0x76, 0x93, 0x07, 0x44, 0x03, 0x93, 0x86, 0x06, 0xfd, 0x13, 0x86, 0x07,
    0x01, 0x01, 0x47, 0x36, 0x9b, 0xb3, 0x86, 0x67, 0x01, 0x83, 0xc5, 0x07, 0x00, 0x83, 0xc6, 0x06,
    0x00, 0x85, 0x07, 0xad, 0x8e, 0x55, 0x8f, 0x13, 0x77, 0xf7, 0x0f, 0xe3, 0x15, 0xf6, 0xfe, 0x45,
    0xcb, 0x89, 0x45, 0x13, 0x85, 0x4d, 0x06, 0xef, 0xd0, 0x8f, 0xdf, 0x93, 0x07, 0xb0, 0x07, 0xa3,
    0x8c, 0xf4, 0x06, 0x37, 0x55, 0x10, 0x00, 0x91, 0x45, 0x13, 0x05, 0x05, 0x09, 0xef, 0xd0, 0x2f,
    0xde, 0xef, 0xd0, 0x6f, 0xda, 0xef, 0xd0, 0x7f, 0x8f, 0xef, 0xf0, 0x0f, 0xa1, 0x83, 0x27, 0x09,
    0x00, 0x99, 0xc3, 0x6f, 0x00, 0xb0, 0x74, 0xb7, 0x37, 0x20, 0x00, 0x83, 0xc7, 0x07, 0x07, 0x99,
    0xc3, 0x6f, 0x00, 0xd0, 0x73, 0xef, 0xd0, 0xdf, 0x8f, 0x93, 0x07, 0xa0, 0x0a, 0x63, 0x1c, 0xf5,
    0x02, 0xc2, 0x47, 0x9c, 0x4b, 0x63, 0x90, 0xa7, 0x02, 0x13, 0x04, 0xa0, 0x0a, 0xef, 0xc0, 0x3f,
    0x90, 0xe3, 0x1e, 0x85, 0xfe, 0xef, 0xf0, 0x4f, 0x9d, 0xfa, 0x2f, 0xd9, 0x47, 0x85, 0x30, 0xd5,
    0xaa, 0xfd, 0xea, 0x54, 0x6c, 0x1b, 0x9e, 0xec, 0x50, 0x61, 0xaf, 0x24, 0x43, 0xe7, 0x3f, 0xeb,
    0x14, 0x0e, 0x43, 0xc0, 0x8f, 0xb9, 0x45, 0x1d, 0x9a, 0xa4, 0xe8, 0x3f, 0x37, 0x07, 0x00, 0x02,
    0x1c, 0x47, 0x93, 0xe7, 0x87, 0x00, 0x1c, 0xc7, 0xef, 0xc0, 0xbf, 0x8e, 0x93, 0x07, 0xa0, 0x0a,
    0x63, 0x14, 0xf5, 0x00, 0x6f, 0x00, 0xd0, 0x5d, 0x73, 0x00, 0x50, 0x10, 0x6f, 0x00, 0x50, 0x6f,
    0x93, 0x07, 0xc0, 0x07, 0x2d, 0xb5, 0x63, 0x1c, 0xd7, 0x00, 0x83, 0xc7, 0x17, 0x00, 0xbd, 0x8b,
    0xe3, 0x89, 0x07, 0xec, 0x62, 0x47, 0x93, 0x07, 0xa0, 0x0a, 0x1c, 0xc3, 0xd9, 0xb5, 0x91, 0x07,
    0x6d, 0xbd, 0xa0, 0x58, 0xc1, 0x47, 0x63, 0xf4, 0x87, 0x00, 0x6f, 0x00, 0x10, 0x76, 0x37, 0x55,
    0x10, 0x00, 0x89, 0x45, 0x13, 0x05, 0x05, 0x09, 0xef, 0xd0, 0xaf, 0xd3, 0x37, 0x55, 0x10, 0x00,
    0x13, 0x05, 0x05, 0x09, 0x95, 0x45, 0xef, 0xd0, 0xcf, 0xd2, 0x13, 0x05, 0xf0, 0x07, 0xa9, 0xb7,
    0x93, 0xf6, 0x07, 0x40, 0x63, 0x96, 0x06, 0x36, 0x18, 0x4b, 0x13, 0x77, 0xf7, 0x0f, 0x63, 0x01,
    0x07, 0x36, 0x13, 0xf7, 0x27, 0x20, 0x63, 0x1b, 0x07, 0x50, 0x13, 0x8b, 0x09, 0x80, 0x33, 0xfb,
    0x67, 0x01, 0x63, 0x17, 0x0b, 0x50, 0x93, 0xf7, 0x07, 0x10, 0x85, 0x4b, 0x63, 0x83, 0x07, 0x34,
    0xb7, 0x37, 0x20, 0x00, 0x93, 0x87, 0x87, 0x0d, 0x94, 0x43, 0x37, 0x56, 0x10, 0x00, 0xb7, 0x55,
    0x10, 0x00, 0x13, 0x87, 0x16, 0x00, 0x98, 0xc3, 0x03, 0xc7, 0x84, 0x07, 0x37, 0x55, 0x10, 0x00,
    0xe6, 0x87, 0x13, 0x06, 0x46, 0x18, 0x93, 0x85, 0x05, 0x09, 0x13, 0x05, 0xc5, 0x06, 0xef, 0xd0,
    0xef, 0xc1, 0xb7, 0x17, 0xfa, 0xbb, 0x09, 0xa0, 0x61, 0x38, 0xc3, 0x4a, 0x65, 0x29, 0xc9, 0xdb,
    0xde, 0xdf, 0x42, 0xe9, 0x15, 0x87, 0x98, 0xbe, 0x39, 0x4c, 0xb2, 0x91, 0xe9, 0x7a, 0xbf, 0xea,
    0xa2, 0x7f, 0x38, 0x08, 0xa3, 0xc0, 0x40, 0x20, 0x00, 0x13, 0x85, 0x07, 0x41, 0x13, 0x86, 0x09,
    0x01, 0x81, 0x45, 0xef, 0x10, 0x20, 0x35, 0x03, 0xc7, 0x84, 0x07, 0x93, 0x07, 0x20, 0x04, 0xe3,
    0x04, 0xf7, 0x02, 0x63, 0xe9, 0xe7, 0x1a, 0x93, 0x07, 0x10, 0x02, 0x63, 0x0f, 0xf7, 0x62, 0x63,
    0xe5, 0xe7, 0x0a, 0xc5, 0x47, 0x63, 0x0e, 0xf7, 0x56, 0x63, 0xe0, 0xe7, 0x04, 0x85, 0x47, 0x63,
    0x0c, 0xf7, 0x48, 0xc1, 0x47, 0x63, 0x05, 0xf7, 0x4a, 0x93, 0x85, 0x09, 0x01, 0x52, 0x85, 0xef,
    0xc0, 0xef, 0xd6, 0x89, 0x4b, 0x13, 0xf5, 0xfb, 0x0f, 0x01, 0xae, 0x13, 0x07, 0x07, 0xfa, 0x13,
    0x77, 0xf7, 0x0f, 0xc5, 0x47, 0xe3, 0xe2, 0xe7, 0xfe, 0xb7, 0x57, 0x10, 0x00, 0x93, 0x87, 0x87,
    0x1f, 0x0a, 0x07, 0x3e, 0x97, 0x1c, 0x43, 0x82, 0x87, 0xc9, 0x47, 0x63, 0x05, 0xf7, 0x5a, 0x93,
    0x07, 0x00, 0x02, 0xe3, 0x13, 0xf7, 0xfc, 0xa1, 0x47, 0x93, 0x0b, 0x00, 0x08, 0x63, 0x98, 0xfc,
    0x50, 0x83, 0x27, 0x0c, 0x00, 0xa1, 0x83, 0x13, 0x94, 0x07, 0x01, 0x8d, 0x8b, 0x41, 0x80, 0x63,
    0x98, 0x07, 0x7e, 0x93, 0x07, 0xf0, 0x1f, 0x63, 0xe4, 0x87, 0x7e, 0x22, 0x85, 0xef, 0xd0, 0xdf,
    0xdf, 0xfd, 0x57, 0xaa, 0x84, 0x63, 0x1d, 0xf5, 0x7c, 0x83, 0x25, 0x4c, 0x00, 0x22, 0x85, 0x2e,
    0xce, 0xef, 0xd0, 0x9f, 0xde, 0xf2, 0x45, 0x63, 0x8e, 0xa5, 0x56, 0xdd, 0x4b, 0x63, 0x18, 0x95,
    0x4c, 0x22, 0x85, 0xef, 0xd0, 0x7f, 0xf7, 0x61, 0xa3, 0x93, 0x07, 0x10, 0x03, 0x63, 0x07, 0xfa,
    0x1d, 0x63, 0xed, 0x40, 0xb0, 0x05, 0x36, 0x7a, 0xab, 0x61, 0x86, 0xf7, 0xf5, 0x48, 0x09, 0xbf,
    0x01, 0x36, 0xa4, 0x87, 0xe0, 0x20, 0x98, 0x84, 0x66, 0xd5, 0x4e, 0xef, 0xab, 0xe6, 0x64, 0xd7,
    0x98, 0x41, 0xf7, 0x5c, 0x63, 0xec, 0xe7, 0x08, 0x93, 0x07, 0x20, 0x02, 0x63, 0x08, 0xf7, 0x5a,
    0x93, 0x07, 0x00, 0x03, 0xe3, 0x1c, 0xf7, 0xf4, 0x91, 0x47, 0x93, 0x0b, 0x00, 0x08, 0x63, 0x91,
    0xfc, 0x4a, 0x03, 0x27, 0x0c, 0x00, 0x21, 0x83, 0x93, 0x16, 0x07, 0x01, 0x0d, 0x8b, 0xc1, 0x82,
    0x63, 0x11, 0x07, 0x78, 0x93, 0x07, 0xf0, 0x1f, 0x63, 0xed, 0xd7, 0x76, 0x83, 0x47, 0x3c, 0x00,
    0x7d, 0x47, 0x63, 0x68, 0xf7, 0x76, 0x13, 0xd4, 0x37, 0x00, 0x36, 0x94, 0x0a, 0x04, 0x4e, 0x94,
    0x93, 0xfb, 0x77, 0x00, 0x22, 0x85, 0x85, 0x44, 0xef, 0xe0, 0xef, 0xbf, 0xb3, 0x94, 0x74, 0x01,
    0xb3, 0xf7, 0xa4, 0x00, 0x2a, 0x8b, 0x63, 0x80, 0x07, 0x50, 0x8a, 0x0b, 0xbd, 0x45, 0xb3, 0x95,
    0x75, 0x01, 0x93, 0xc5, 0xf5, 0xff, 0x22, 0x85, 0xef, 0xe0, 0xaf, 0xce, 0x22, 0x85, 0x93, 0xc4,
    0xf4, 0xff, 0xef, 0xe0, 0x4f, 0xbd, 0xb3, 0xf4, 0x64, 0x01, 0x63, 0x0e, 0x95, 0x4c, 0x09, 0x65,
    0x81, 0x45, 0x13, 0x05, 0x05, 0x98, 0xef, 0xe0, 0xcf, 0xcc, 0xed, 0xa6, 0x93, 0x07, 0x00, 0x04,
    0x63, 0x0c, 0xf7, 0x54, 0x93, 0x07, 0x10, 0x04, 0xe3, 0x12, 0xf7, 0xec, 0x8d, 0x47, 0x93, 0x0b,
    0x00, 0x08, 0x63, 0x97, 0xfc, 0x40, 0x83, 0x27, 0x0c, 0x00, 0x13, 0x07, 0xf0, 0x1f, 0xa1, 0x83,
    0xc2, 0x07, 0xc1, 0x83, 0x63, 0x67, 0xf7, 0x6e, 0x49, 0x45, 0xef, 0xd0, 0x1f, 0xd5, 0xef, 0x10,
    0xe0, 0x0b, 0x03, 0x24, 0x0c, 0x00, 0x91, 0x67, 0x93, 0x87, 0xfa, 0xb0, 0x43, 0x20, 0x55, 0x05,
    0x48, 0x82, 0x2e, 0x0f, 0x6b, 0xc6, 0x1b, 0x4e, 0x39, 0xbb, 0x21, 0x7c, 0x3f, 0xb3, 0x5b, 0x28,
    0x7a, 0x9c, 0x68, 0x93, 0x97, 0x27, 0x26, 0x11, 0xde, 0x85, 0xd7, 0x70, 0x42, 0x07, 0x20, 0x21,
    0x80, 0x42, 0x04, 0x41, 0x80, 0x26, 0x04, 0x3e, 0x94, 0xb7, 0x07, 0x08, 0x00, 0x63, 0x44, 0xf4,
    0x60, 0xef, 0x10, 0x00, 0x0c, 0x93, 0x05, 0x4b, 0x00, 0xb9, 0xa1, 0x93, 0x07, 0x10, 0x07, 0x63,
    0xeb, 0xe7, 0x02, 0x93, 0x07, 0xf0, 0x05, 0xe3, 0xed, 0xe7, 0xe6, 0x93, 0x07, 0x00, 0x05, 0xe3,
    0x10, 0xf7, 0xe6, 0x89, 0x47, 0x93, 0x0b, 0x00, 0x08, 0x63, 0x95, 0xfc, 0x3a, 0x03, 0x44, 0x1c,
    0x00, 0x37, 0x15, 0x20, 0x00, 0x13, 0x05, 0x45, 0x41, 0xa2, 0x85, 0xef, 0xc0, 0x9f, 0xd9, 0x93,
    0x05, 0x44, 0x00, 0x11, 0xa9, 0x93, 0x07, 0x20, 0x08, 0xe3, 0x0d, 0xf7, 0x20, 0x63, 0xe2, 0xe7,
    0x06, 0x93, 0x07, 0x00, 0x08, 0xe3, 0x00, 0xf7, 0x1a, 0x93, 0x07, 0x10, 0x08, 0xe3, 0x11, 0xf7,
    0xe2, 0x8d, 0x47, 0x93, 0x0b, 0x00, 0x08, 0x63, 0x96, 0xfc, 0x36, 0x83, 0x27, 0x0c, 0x00, 0x3d,
    0x47, 0xa1, 0x83, 0xc2, 0x07, 0xc1, 0x83, 0x63, 0x67, 0xf7, 0x64, 0x37, 0x37, 0x20, 0x00, 0x03,
    0x27, 0x87, 0x0e, 0x13, 0xf5, 0xf7, 0x0f, 0xb3, 0x57, 0xf7, 0x00, 0x13, 0xf7, 0x17, 0x00, 0x89,
    0x47, 0x01, 0xc7, 0xef, 0xd0, 0x1f, 0xef, 0xaa, 0x87, 0xfd, 0x17, 0x09, 0x47, 0x63, 0x64, 0xf7,
    0x62, 0x37, 0x55, 0x10, 0x00, 0x13, 0x05, 0x05, 0x36, 0xaa, 0x97, 0x83, 0xcb, 0x07, 0x00, 0x15,
    0xa6, 0x93, 0x07, 0x00, 0x09, 0xe3, 0x15, 0xf7, 0xdc, 0x93, 0x07, 0x40, 0x02, 0x93, 0x0b, 0x00,
    0x08, 0x63, 0x99, 0xfc, 0x30, 0xfa, 0xf9, 0x40, 0x6e, 0xce, 0x48, 0x1c, 0x40, 0x56, 0xb0, 0xc9,
    0x98, 0x6b, 0xcd, 0xd2, 0x4b, 0x4e, 0xb2, 0x70, 0xe0, 0x54, 0xe4, 0x62, 0xdc, 0x92, 0xd6, 0xb6,
    0xd7, 0xe6, 0x76, 0xee, 0x51, 0xe6, 0x48, 0x43, 0x13, 0x05, 0x00, 0x08, 0xef, 0xc0, 0x3f, 0xa2,
    0xef, 0x00, 0x30, 0x7d, 0x93, 0x07, 0xd0, 0x79, 0x37, 0x0b, 0x02, 0x04, 0x23, 0x26, 0xfb, 0x00,
    0x85, 0x4b, 0x95, 0x65, 0x37, 0x05, 0x10, 0x00, 0x23, 0x24, 0x7b, 0x01, 0x93, 0x85, 0x05, 0xe2,
    0x13, 0x05, 0x85, 0x14, 0xef, 0xd0, 0xbf, 0xb3, 0x93, 0x07, 0xa0, 0x0a, 0x2a, 0x84, 0x63, 0x14,
    0xf5, 0x02, 0x83, 0x26, 0xcb, 0x00, 0x63, 0x82, 0x76, 0x03, 0x37, 0x56, 0x10, 0x00, 0xb7, 0x55,
    0x10, 0x00, 0x37, 0x55, 0x10, 0x00, 0x13, 0x06, 0x86, 0x1c, 0x93, 0x85, 0x05, 0x1d, 0x13, 0x05,
    0x05, 0x07, 0xef, 0xd0, 0x6f, 0x93, 0x13, 0x04, 0x50, 0x05, 0x13, 0x05, 0x00, 0x08, 0xef, 0xc0,
    0xdf, 0x9f, 0xef, 0x00, 0x30, 0x79, 0x93, 0x07, 0xa0, 0x0a, 0x63, 0x17, 0xf4, 0x58, 0xb7, 0x37,
    0x20, 0x00, 0x23, 0xaa, 0x87, 0x08, 0x93, 0x07, 0x40, 0x02, 0xd1, 0xab, 0x8d, 0x4b, 0x8d, 0x45,
    0x13, 0x85, 0x4d, 0x06, 0xef, 0xd0, 0xaf, 0x9a, 0x37, 0x56, 0x10, 0x00, 0x37, 0x54, 0x10, 0x00,
    0xde, 0x86, 0x13, 0x06, 0xc6, 0x19, 0x93, 0x85, 0x4d, 0x06, 0x13, 0x05, 0xc4, 0x06, 0xef, 0xd0,
    0xaf, 0x8e, 0x09, 0x47, 0x85, 0x47, 0x63, 0x83, 0xeb, 0x00, 0x89, 0x47, 0x83, 0xc6, 0x84, 0x07,
    0x37, 0x56, 0x10, 0x00, 0xb7, 0x55, 0x10, 0x00, 0x66, 0x87, 0x13, 0x06, 0x46, 0x1a, 0x93, 0x85,
    0x05, 0x09, 0x13, 0x05, 0xc4, 0x06, 0xa3, 0x8c, 0xf4, 0x06, 0xef, 0xd0, 0xef, 0x8b, 0xef, 0xd0,
    0xfa, 0xfc, 0x0d, 0x27, 0xa8, 0x8c, 0x8e, 0xa0, 0x75, 0x14, 0x0f, 0xf1, 0x9a, 0xfb, 0xe5, 0x81,
    0xa4, 0x76, 0xd0, 0x76, 0x05, 0xc3, 0x86, 0x21, 0x5a, 0x9c, 0x77, 0x3a, 0xbd, 0x69, 0x06, 0x0e,
    0x3e, 0x20, 0x44, 0x8f, 0x92, 0xef, 0xc0, 0xcf, 0xa2, 0x85, 0x47, 0x23, 0x00, 0xfd, 0x00, 0xb7,
    0x37, 0x20, 0x00, 0x93, 0x87, 0x87, 0xe3, 0x03, 0xa7, 0x07, 0x10, 0x83, 0xa7, 0x47, 0x10, 0xe3,
    0x18, 0xf7, 0xb6, 0xef, 0xc0, 0x6f, 0xcb, 0x93, 0x07, 0xa0, 0x0a, 0x2a, 0x84, 0xe3, 0x11, 0xf5,
    0xb6, 0x83, 0x27, 0x09, 0x00, 0xe3, 0x9d, 0x07, 0xb4, 0xef, 0xc0, 0x8f, 0xc8, 0xe3, 0x19, 0x85,
    0xb4, 0xb7, 0x37, 0x20, 0x00, 0x03, 0xac, 0x47, 0x0d, 0x63, 0x1f, 0x0c, 0x0a, 0x37, 0x37, 0x20,
    0x00, 0x83, 0x46, 0xc7, 0x05, 0x93, 0x07, 0xc7, 0x05, 0x3e, 0xd4, 0xd5, 0xe6, 0x37, 0x14, 0x20,
    0x00, 0x93, 0x07, 0x44, 0x01, 0xf8, 0x5b, 0x93, 0x86, 0xf9, 0x00, 0x93, 0x04, 0x44, 0x01, 0x7d,
    0x17, 0x63, 0xeb, 0xe6, 0xdc, 0x05, 0x45, 0xef, 0xe0, 0xbf, 0x8a, 0x93, 0x07, 0x44, 0x01, 0x83,
    0xab, 0x47, 0x07, 0xb7, 0x0c, 0x02, 0x00, 0xb7, 0x07, 0x20, 0x00, 0x93, 0x8d, 0x47, 0x01, 0x37,
    0x04, 0x20, 0x00, 0x37, 0x2d, 0x01, 0x04, 0x93, 0x87, 0x7c, 0x00, 0x01, 0x4b, 0x13, 0x04, 0x04,
    0x00, 0x13, 0x0d, 0x0d, 0x80, 0x3e, 0xd6, 0xb7, 0x07, 0x20, 0x00, 0x93, 0x87, 0x47, 0x01, 0xda,
    0x97, 0x3e, 0xce, 0xe3, 0x65, 0x7b, 0x07, 0x62, 0x47, 0x93, 0x07, 0x50, 0x05, 0x21, 0x45, 0x1c,
    0xc3, 0xef, 0xe0, 0x8f, 0xab, 0x37, 0x1b, 0x20, 0x00, 0xb7, 0x05, 0x00, 0x04, 0x41, 0x46, 0x93,
    0x85, 0x05, 0x08, 0x13, 0x05, 0x4b, 0x03, 0xef, 0xc0, 0x3f, 0xba, 0xfa, 0xe0, 0xd8, 0xb7, 0x71,
    0x03, 0xb5, 0x62, 0x3e, 0xae, 0xf5, 0x54, 0xb1, 0x3d, 0xeb, 0xaf, 0x3b, 0xee, 0xdd, 0x4e, 0x5d,
    0x18, 0x73, 0x76, 0x9d, 0x67, 0x34, 0x84, 0xe3, 0x91, 0x63, 0x04, 0x0a, 0xf8, 0x44, 0xe8, 0x58,
    0xb7, 0x07, 0x20, 0x00, 0x93, 0x87, 0x47, 0x01, 0x3e, 0x95, 0x41, 0x46, 0x93, 0x05, 0x4b, 0x03,
    0x23, 0x22, 0x04, 0x00, 0xef, 0x00, 0x50, 0x6d, 0xfc, 0x58, 0x22, 0x57, 0xc1, 0x07, 0xfc, 0xd8,
    0x85, 0x47, 0x23, 0x00, 0xf7, 0x00, 0xef, 0xe0, 0x5f, 0xc6, 0x83, 0x27, 0x09, 0x00, 0xe3, 0x92,
    0x07, 0xa8, 0xef, 0xc0, 0x2f, 0xbb, 0x93, 0x07, 0xa0, 0x0a, 0x2a, 0x84, 0xe3, 0x1b, 0xf5, 0xa6,
    0xb7, 0x37, 0x20, 0x00, 0x83, 0xa7, 0x87, 0x05, 0xe3, 0x85, 0xa7, 0xa6, 0xb7, 0x37, 0x20, 0x00,
    0x93, 0x87, 0x87, 0x07, 0x98, 0x43, 0x93, 0x06, 0x50, 0x05, 0x94, 0xc3, 0xe3, 0x0b, 0xa7, 0xa4,
    0xef, 0xd0, 0x0f, 0xa0, 0xe3, 0x19, 0x85, 0x06, 0x37, 0x56, 0x10, 0x00, 0xb7, 0x55, 0x10, 0x00,
    0x37, 0x55, 0x10, 0x00, 0x13, 0x06, 0x46, 0x1d, 0x93, 0x85, 0x05, 0x09, 0x13, 0x05, 0x85, 0x09,
    0xef, 0xc0, 0xff, 0xf5, 0xef, 0xb0, 0x3f, 0xff, 0xef, 0xc0, 0x5f, 0x86, 0x1d, 0xb4, 0x89, 0x4b,
    0x91, 0xb5, 0x91, 0x4b, 0x81, 0xb5, 0x93, 0x87, 0x19, 0x00, 0x93, 0x0b, 0x00, 0x08, 0x63, 0xef,
    0x97, 0x0b, 0xe6, 0x85, 0x13, 0x85, 0x4a, 0x01, 0xef, 0xc0, 0xef, 0xda, 0x99, 0xaa, 0x93, 0x07,
    0x40, 0x02, 0x93, 0x0b, 0x00, 0x08, 0x63, 0x93, 0xfc, 0x0a, 0x03, 0x25, 0x0c, 0x00, 0x21, 0x81,
    0x42, 0x05, 0x41, 0x81, 0xef, 0xe0, 0x6f, 0x8b, 0xd5, 0x47, 0x63, 0x12, 0xf5, 0x38, 0x83, 0x24,
    0x0c, 0x00, 0x8d, 0x47, 0xa1, 0x80, 0xfa, 0x93, 0xc8, 0x82, 0xe3, 0xc7, 0x0d, 0x2c, 0x1a, 0x82,
    0x2b, 0x40, 0x26, 0x9c, 0xab, 0xa1, 0x96, 0x26, 0xfa, 0x1a, 0x4b, 0xde, 0xb6, 0x80, 0x51, 0xfa,
    0xab, 0x3c, 0x6d, 0xfe, 0xdd, 0x74, 0x66, 0xd0, 0x45, 0xc2, 0x04, 0xc1, 0x80, 0x63, 0xe8, 0x97,
    0xc8, 0x13, 0x84, 0x04, 0x0e, 0x16, 0x04, 0x02, 0xd8, 0x11, 0x4b, 0x71, 0x14, 0x93, 0x0c, 0x40,
    0x02, 0x11, 0x46, 0xb3, 0x05, 0x6c, 0x01, 0x08, 0x18, 0xef, 0x00, 0x30, 0x5f, 0xc2, 0x5b, 0x33,
    0x05, 0x64, 0x01, 0x2a, 0xce, 0xde, 0x85, 0xef, 0xe0, 0xaf, 0x8f, 0x72, 0x45, 0xef, 0xd0, 0x1f,
    0xf5, 0x63, 0x8b, 0xab, 0x00, 0x26, 0x85, 0xef, 0xe0, 0x6f, 0x92, 0x91, 0x45, 0x08, 0x18, 0xef,
    0xc0, 0x0f, 0x86, 0xdd, 0x4b, 0x2d, 0xa8, 0x11, 0x0b, 0xe3, 0x14, 0x9b, 0xfd, 0x91, 0x45, 0x08,
    0x18, 0xef, 0xc0, 0xef, 0x84, 0x89, 0x67, 0x93, 0x87, 0x07, 0xbf, 0x13, 0x95, 0x24, 0x00, 0xb7,
    0xf5, 0xf0, 0xf0, 0x3e, 0x95, 0x93, 0x85, 0x05, 0x0f, 0xef, 0xe0, 0x8f, 0x8b, 0x26, 0x85, 0xef,
    0xe0, 0xef, 0x82, 0x93, 0x07, 0x30, 0x0c, 0x93, 0x0b, 0x30, 0x0c, 0xe3, 0x14, 0xf5, 0xfc, 0x93,
    0x85, 0x09, 0x01, 0x52, 0x85, 0xef, 0xc0, 0xaf, 0x81, 0x93, 0x07, 0x00, 0x08, 0xe3, 0x95, 0xfb,
    0xaa, 0xc5, 0xb2, 0x8d, 0x47, 0x93, 0x0b, 0x00, 0x08, 0xe3, 0x93, 0xfc, 0xfe, 0x03, 0x25, 0x0c,
    0x00, 0x21, 0x81, 0x42, 0x05, 0x41, 0x81, 0xef, 0xd0, 0x7f, 0xff, 0x93, 0x07, 0x30, 0x0c, 0xaa,
    0x8b, 0xe3, 0x17, 0xf5, 0xfc, 0x03, 0x27, 0x0c, 0x00, 0x21, 0x83, 0x42, 0x07, 0x41, 0x83, 0x63,
    0xe7, 0xec, 0xbc, 0x13, 0x07, 0x07, 0x0e, 0x13, 0x14, 0x57, 0x00, 0x02, 0xd8, 0x81, 0x44, 0x13,
    0x0b, 0xfa, 0x64, 0x3c, 0xde, 0x4a, 0x36, 0xc7, 0xe2, 0x5b, 0x53, 0x5f, 0x97, 0x72, 0xb3, 0x1a,
    0x39, 0xb3, 0x75, 0x7f, 0x16, 0x41, 0x9b, 0xac, 0x05, 0x1b, 0x4e, 0x67, 0x58, 0x32, 0xe2, 0xd1,
    0xab, 0xe9, 0xa8, 0x46, 0x00, 0x02, 0x33, 0x05, 0x94, 0x00, 0xef, 0xd0, 0xff, 0xed, 0xb7, 0x17,
    0x20, 0x00, 0x93, 0x87, 0x47, 0x41, 0x2a, 0xd8, 0x11, 0x46, 0x33, 0x85, 0x97, 0x00, 0x0c, 0x18,
    0x91, 0x04, 0xef, 0x00, 0xd0, 0x51, 0xe3, 0x90, 0x64, 0xff, 0x91, 0x45, 0x08, 0x18, 0xef, 0xb0,
    0x5f, 0xfa, 0x93, 0x05, 0x40, 0x02, 0x52, 0x85, 0xd9, 0xb5, 0x8d, 0x47, 0x93, 0x0b, 0x00, 0x08,
    0xe3, 0x99, 0xfc, 0xf6, 0x03, 0x25, 0x0c, 0x00, 0x21, 0x81, 0x42, 0x05, 0x41, 0x81, 0xef, 0xd0,
    0x3f, 0xf8, 0xd9, 0x47, 0x63, 0x15, 0xf5, 0x00, 0x93, 0x0b, 0x30, 0x0c, 0x99, 0xbf, 0x93, 0x07,
    0x30, 0x0c, 0x63, 0x11, 0xf5, 0x24, 0x03, 0x25, 0x0c, 0x00, 0x21, 0x81, 0x42, 0x05, 0x41, 0x81,
    0xef, 0xe0, 0x0f, 0x82, 0x93, 0x07, 0xa0, 0x0a, 0xe3, 0x1f, 0xf5, 0xee, 0xf1, 0xbf, 0x8d, 0x47,
    0x93, 0x0b, 0x00, 0x08, 0xe3, 0x97, 0xfc, 0xf2, 0x83, 0x27, 0x0c, 0x00, 0xa1, 0x83, 0x13, 0x95,
    0x07, 0x01, 0x8d, 0x8b, 0x41, 0x81, 0x63, 0x97, 0x07, 0x20, 0x93, 0x07, 0xf0, 0x1f, 0x63, 0xe3,
    0xa7, 0x20, 0xef, 0xd0, 0xdf, 0x81, 0x23, 0x22, 0xaa, 0x00, 0xa1, 0x45, 0x69, 0xb7, 0x85, 0x47,
    0x93, 0x0b, 0x00, 0x08, 0x01, 0x45, 0xe3, 0x9e, 0xfc, 0xee, 0xef, 0xd0, 0xbf, 0x9e, 0x69, 0xbf,
    0x8d, 0x47, 0x93, 0x0b, 0x00, 0x08, 0xe3, 0x96, 0xfc, 0xee, 0x83, 0x27, 0x0c, 0x00, 0xa1, 0x83,
    0x13, 0x95, 0x07, 0x01, 0x8d, 0x8b, 0x41, 0x81, 0x63, 0x96, 0x07, 0x1c, 0xfa, 0x9f, 0xed, 0x78,
    0x8f, 0xc6, 0x2a, 0xcc, 0x73, 0x5c, 0x86, 0xfe, 0x40, 0x40, 0x32, 0xee, 0x15, 0x3e, 0xda, 0x99,
    0xf9, 0x22, 0x0e, 0x7a, 0x95, 0x59, 0x39, 0x83, 0x05, 0xed, 0x73, 0xcc, 0xff, 0x80, 0x47, 0x93,
    0x07, 0xf0, 0x1f, 0x63, 0xe2, 0xa7, 0x1c, 0xef, 0xd0, 0x7f, 0xea, 0x7d, 0xbf, 0x93, 0x07, 0xb4,
    0xfe, 0x13, 0x07, 0xa0, 0x1d, 0x93, 0x0b, 0x00, 0x08, 0xe3, 0x6e, 0xf7, 0xea, 0x03, 0x25, 0x0c,
    0x00, 0x93, 0x07, 0xf0, 0x1f, 0x21, 0x81, 0x42, 0x05, 0x41, 0x81, 0x63, 0xee, 0xa7, 0x18, 0x91,
    0x64, 0x26, 0x05, 0x13, 0x8b, 0x04, 0x20, 0x5a, 0x95, 0xef, 0xd0, 0x3f, 0x97, 0x93, 0x07, 0xa0,
    0x0a, 0xc1, 0x4b, 0xe3, 0x19, 0xf5, 0xe8, 0xc1, 0x45, 0x08, 0x18, 0xef, 0xc0, 0xbf, 0x88, 0xef,
    0x00, 0x30, 0x35, 0x83, 0x24, 0x0c, 0x00, 0xb7, 0x07, 0x08, 0x00, 0xa1, 0x80, 0xc2, 0x04, 0xc1,
    0x80, 0xa6, 0x04, 0xda, 0x94, 0x63, 0xd9, 0xf4, 0x08, 0xef, 0xd0, 0x8f, 0xf6, 0x37, 0x2b, 0x20,
    0x00, 0x13, 0x06, 0x00, 0x20, 0x81, 0x45, 0x13, 0x05, 0x0b, 0x42, 0xef, 0x00, 0x30, 0x42, 0x31,
    0x14, 0xb7, 0x05, 0x20, 0x00, 0x22, 0x86, 0x93, 0x85, 0x85, 0x01, 0x13, 0x05, 0x0b, 0x42, 0xef,
    0x00, 0x30, 0x3d, 0x37, 0x05, 0x08, 0x05, 0x41, 0x46, 0x0c, 0x18, 0x13, 0x05, 0x05, 0x26, 0xef,
    0xc0, 0x5f, 0x8f, 0x93, 0x0b, 0x0b, 0x42, 0xb7, 0x07, 0x08, 0x05, 0x23, 0x9e, 0x8b, 0x1e, 0x13,
    0x07, 0x0b, 0x42, 0x93, 0x86, 0x07, 0x20, 0x10, 0x43, 0x11, 0x07, 0x90, 0xc3, 0x91, 0x07, 0xe3,
    0x9c, 0xd7, 0xfe, 0x93, 0x05, 0x00, 0x20, 0x13, 0x05, 0x0b, 0x42, 0xef, 0xb0, 0xbf, 0xe2, 0xb7,
    0x07, 0x08, 0x05, 0x23, 0xac, 0x97, 0x20, 0xfa, 0x2e, 0xeb, 0x8a, 0x39, 0xec, 0xa2, 0xe8, 0x15,
    0xfd, 0xd9, 0xe0, 0xdf, 0x3b, 0x76, 0xe4, 0x95, 0x18, 0xb0, 0xff, 0x4e, 0x92, 0xd6, 0xad, 0x99,
    0xc3, 0x87, 0x6f, 0x46, 0x75, 0xeb, 0x9e, 0xce, 0x58, 0x48, 0x31, 0x45, 0xef, 0xd0, 0x6f, 0xf5,
    0x93, 0x07, 0xa0, 0x0a, 0x63, 0x0e, 0xf5, 0x00, 0xef, 0xb0, 0x5f, 0xef, 0x37, 0x55, 0x10, 0x00,
    0x8d, 0x45, 0x13, 0x05, 0xc5, 0x09, 0xef, 0xc0, 0xbf, 0xd0, 0xef, 0x00, 0xd0, 0x2c, 0x79, 0xbb,
    0xef, 0xb0, 0xdf, 0xed, 0xef, 0x00, 0x30, 0x2c, 0x9d, 0xbd, 0xef, 0xd0, 0xaf, 0xec, 0xb7, 0x07,
    0x08, 0x05, 0x23, 0xac, 0x87, 0x20, 0x41, 0x45, 0xef, 0xd0, 0xaf, 0xf1, 0x93, 0x07, 0xa0, 0x0a,
    0xe3, 0x13, 0xf5, 0x9e, 0x37, 0x24, 0x20, 0x00, 0x13, 0x05, 0x04, 0x42, 0xef, 0xd0, 0x6f, 0x95,
    0x93, 0x04, 0x04, 0x42, 0xef, 0xb0, 0x9f, 0xea, 0x83, 0xd7, 0xc4, 0x1f, 0x13, 0x07, 0xb0, 0x1d,
    0x63, 0x70, 0xf7, 0x02, 0x13, 0x05, 0x04, 0x42, 0x93, 0x05, 0x00, 0x20, 0xef, 0xb0, 0xdf, 0xda,
    0x37, 0x55, 0x10, 0x00, 0x99, 0x45, 0x13, 0x05, 0xc5, 0x09, 0xef, 0xc0, 0x7f, 0xca, 0x65, 0xb2,
    0x37, 0x15, 0x20, 0x00, 0x93, 0x05, 0x04, 0x42, 0x3e, 0x86, 0x13, 0x05, 0x45, 0x41, 0x3e, 0x8b,
    0xef, 0x00, 0x50, 0x2f, 0x93, 0x05, 0x00, 0x20, 0x13, 0x05, 0x04, 0x42, 0xef, 0xb0, 0xdf, 0xd7,
    0x59, 0xb2, 0x8d, 0x47, 0x93, 0x0b, 0x00, 0x08, 0xe3, 0x98, 0xfc, 0xd4, 0x03, 0x25, 0x0c, 0x00,
    0x93, 0x07, 0xf0, 0x1f, 0x21, 0x81, 0x42, 0x05, 0x41, 0x81, 0x63, 0xe8, 0xa7, 0x02, 0x91, 0x67,
    0x26, 0x05, 0x93, 0x87, 0x07, 0x20, 0x3e, 0x95, 0x25, 0xbd, 0x91, 0x47, 0x93, 0x0b, 0x00, 0x08,
    0xe3, 0x94, 0xfa, 0x30, 0x88, 0x4b, 0xf8, 0x56, 0xde, 0x92, 0x63, 0x16, 0xb8, 0x61, 0xf8, 0x47,
    0xf4, 0xb3, 0x67, 0x51, 0x2a, 0x7c, 0xde, 0x7c, 0x98, 0x36, 0x16, 0x29, 0x9f, 0x46, 0x2a, 0x18,
    0x35, 0x50, 0x0f, 0x30, 0x49, 0xfc, 0xd2, 0xef, 0xc0, 0xff, 0x85, 0x91, 0x45, 0x13, 0x05, 0x00,
    0x06, 0xef, 0xe0, 0x2f, 0xdb, 0x93, 0x07, 0xa0, 0x0a, 0xe3, 0x0c, 0xf5, 0xda, 0x93, 0x0b, 0xc0,
    0x03, 0x29, 0xb3, 0x93, 0x07, 0x00, 0x03, 0x93, 0x0b, 0x00, 0x08, 0xe3, 0x90, 0xfc, 0xd0, 0xef,
    0xc0, 0x7f, 0x83, 0x93, 0x05, 0x00, 0x03, 0x13, 0x05, 0x10, 0x06, 0xd9, 0xbf, 0x8d, 0x47, 0x93,
    0x0b, 0x00, 0x08, 0xe3, 0x94, 0xfc, 0xce, 0x8d, 0x45, 0x13, 0x05, 0x20, 0x06, 0xef, 0xe0, 0x6f,
    0xd7, 0x93, 0x07, 0xa0, 0x0a, 0xe3, 0x14, 0xf5, 0xfc, 0xb7, 0x17, 0x03, 0x04, 0x83, 0xa7, 0x07,
    0x10, 0xc1, 0x83, 0x63, 0xf4, 0xfb, 0x00, 0x6f, 0xf0, 0x2f, 0x8d, 0x37, 0x37, 0x20, 0x00, 0x23,
    0x2a, 0xa7, 0x08, 0xfc, 0xd8, 0xb1, 0xbb, 0x8d, 0x47, 0x93, 0x0b, 0x00, 0x08, 0xe3, 0x97, 0xfc,
    0xca, 0xef, 0xc0, 0x8f, 0xbf, 0xb7, 0x47, 0x03, 0x00, 0x37, 0x07, 0x03, 0x04, 0x93, 0x87, 0x37,
    0x56, 0x23, 0x20, 0xf7, 0x10, 0xef, 0xb0, 0xff, 0xe9, 0xef, 0xe0, 0x8f, 0xc8, 0xa5, 0xbf, 0x93,
    0x07, 0x00, 0x03, 0x93, 0x0b, 0x00, 0x08, 0xe3, 0x92, 0xfc, 0xc8, 0xef, 0xc0, 0xef, 0xbc, 0xb7,
    0x07, 0x00, 0x04, 0xdc, 0x4b, 0x37, 0x04, 0x03, 0x04, 0xb7, 0x15, 0x20, 0x00, 0x13, 0x05, 0x04,
    0x0a, 0x13, 0x06, 0x00, 0x02, 0x93, 0x85, 0x45, 0x06, 0x3e, 0xd8, 0xef, 0xc0, 0xef, 0xf1, 0x11,
    0x46, 0x0c, 0x18, 0x13, 0x05, 0x04, 0x0c, 0xef, 0xc0, 0x2f, 0xf1, 0xef, 0x00, 0xfa, 0xe5, 0x8c,
    0xe3, 0x0f, 0x19, 0x01, 0xc8, 0x83, 0x4b, 0x0d, 0x79, 0xa1, 0x85, 0xb1, 0x34, 0xe9, 0x68, 0x99,
    0x80, 0x07, 0xcb, 0x88, 0x75, 0xbf, 0x3d, 0xd2, 0xb6, 0x5d, 0xa8, 0xe3, 0xd0, 0x90, 0x08, 0x4a,
    0xd0, 0x11, 0xb7, 0x47, 0x24, 0x00, 0x93, 0x87, 0x07, 0x57, 0x23, 0x20, 0xf4, 0x10, 0xef, 0xb0,
    0x9f, 0xe4, 0xef, 0xe0, 0x2f, 0xc3, 0x2a, 0x84, 0xef, 0x00, 0x50, 0x12, 0x93, 0x07, 0xa0, 0x0a,
    0xe3, 0x10, 0xf4, 0xf2, 0xb7, 0x17, 0x03, 0x04, 0x83, 0xa7, 0x07, 0x10, 0xc1, 0x83, 0x63, 0xf4,
    0xfb, 0x00, 0x6f, 0xf0, 0xaf, 0x82, 0x37, 0x37, 0x20, 0x00, 0x23, 0x2a, 0x87, 0x08, 0xa1, 0xbf,
    0xbd, 0x47, 0x93, 0x0b, 0x00, 0x08, 0xe3, 0xf4, 0x97, 0xc1, 0xef, 0xc0, 0x2f, 0xb5, 0xb7, 0x07,
    0x00, 0x04, 0x01, 0x45, 0x03, 0xab, 0x47, 0x01, 0xef, 0xe0, 0xef, 0xad, 0x41, 0x46, 0x93, 0x85,
    0x4a, 0x01, 0x01, 0x45, 0xef, 0xe0, 0x4f, 0xbd, 0xef, 0x00, 0x30, 0x0b, 0xb7, 0x15, 0x20, 0x00,
    0x5a, 0xd8, 0x37, 0x0b, 0x03, 0x04, 0x13, 0x06, 0x00, 0x02, 0x93, 0x85, 0x45, 0x06, 0x13, 0x05,
    0x0b, 0x0a, 0xef, 0xc0, 0xaf, 0xe8, 0x11, 0x46, 0x0c, 0x18, 0x13, 0x05, 0x0b, 0x0c, 0xef, 0xc0,
    0xef, 0xe7, 0xd1, 0x67, 0x93, 0x87, 0x17, 0x54, 0x23, 0x20, 0xfb, 0x10, 0xef, 0xb0, 0xbf, 0xdb,
    0xef, 0xe0, 0x4f, 0xba, 0x93, 0x07, 0xa0, 0x0a, 0xaa, 0x8b, 0x63, 0x1d, 0xf5, 0x00, 0x91, 0x67,
    0x93, 0x87, 0x27, 0x54, 0x23, 0x20, 0xfb, 0x10, 0xef, 0xb0, 0xff, 0xd9, 0xef, 0xe0, 0x8f, 0xb8,
    0x63, 0x05, 0x75, 0x01, 0xef, 0x00, 0x90, 0x07, 0xa5, 0xbd, 0xef, 0x00, 0x30, 0x07, 0x13, 0x0b,
    0x04, 0xfe, 0x37, 0x0c, 0x20, 0x00, 0xb7, 0x4b, 0xfa, 0x5b, 0x0f, 0x1b, 0x82, 0x51, 0xfc, 0x48,
    0xcb, 0x6f, 0xdb, 0x39, 0x90, 0x99, 0xab, 0x61, 0xb9, 0xe3, 0xdf, 0xc7, 0x4f, 0x57, 0x18, 0x5c,
    0x55, 0x5c, 0x2a, 0x01, 0xf0, 0x15, 0x3f, 0xc3, 0x01, 0xe0, 0x4a, 0x90, 0x00, 0xda, 0x8d, 0x93,
    0x05, 0x4c, 0x02, 0x93, 0x07, 0x00, 0x09, 0xb7, 0x0c, 0x03, 0x04, 0x93, 0x8b, 0x3b, 0x54, 0x63,
    0xeb, 0xb7, 0x0b, 0x6e, 0x86, 0x01, 0x45, 0xef, 0xe0, 0x4f, 0xb4, 0x91, 0x6c, 0xc2, 0x0d, 0x93,
    0x87, 0x4c, 0x54, 0xb3, 0xe7, 0xfd, 0x00, 0xb7, 0x0d, 0x03, 0x04, 0x23, 0xa0, 0xfd, 0x10, 0xef,
    0xb0, 0xbf, 0xd4, 0xef, 0xe0, 0x4f, 0xb3, 0x13, 0x07, 0xa0, 0x0a, 0xe3, 0x14, 0xe5, 0xe2, 0x2a,
    0xce, 0x13, 0x87, 0x5c, 0x54, 0x23, 0xa0, 0xed, 0x10, 0xef, 0xb0, 0x1f, 0xd3, 0xef, 0xe0, 0xaf,
    0xb1, 0xf2, 0x47, 0xaa, 0x8b, 0xe3, 0x17, 0xf5, 0xe0, 0x01, 0x45, 0xef, 0xe0, 0xef, 0x9f, 0x41,
    0x46, 0x93, 0x85, 0x4a, 0x01, 0x01, 0x45, 0xef, 0xe0, 0x4f, 0xaf, 0x93, 0x07, 0xf0, 0x03, 0x63,
    0xe3, 0x67, 0x09, 0x5a, 0x86, 0x93, 0x8c, 0x6c, 0x54, 0x42, 0x0b, 0x93, 0x05, 0x4c, 0x02, 0x01,
    0x45, 0x33, 0x6b, 0x9b, 0x01, 0xef, 0xe0, 0x6f, 0xad, 0x23, 0xa0, 0x6d, 0x11, 0xef, 0xb0, 0xdf,
    0xce, 0xef, 0xe0, 0x6f, 0xad, 0xe3, 0x17, 0x75, 0xdd, 0x91, 0x67, 0x93, 0x87, 0xa7, 0x54, 0x37,
    0x07, 0x03, 0x04, 0x23, 0x20, 0xf7, 0x10, 0xef, 0xb0, 0x3f, 0xcd, 0xef, 0xe0, 0xcf, 0xab, 0x93,
    0x07, 0xa0, 0x0a, 0xe3, 0x18, 0xf5, 0xda, 0xb7, 0x37, 0x20, 0x00, 0x23, 0xaa, 0xa7, 0x08, 0x93,
    0x07, 0x00, 0x05, 0xdd, 0xbb, 0x13, 0x06, 0x00, 0x09, 0x01, 0x45, 0x2e, 0xce, 0xef, 0xe0, 0xef,
    0xa8, 0x23, 0xa0, 0xfa, 0x2f, 0x76, 0xe7, 0x87, 0xce, 0xda, 0xf7, 0x59, 0xac, 0xdc, 0xbd, 0xda,
    0xcc, 0x2b, 0x51, 0x26, 0x69, 0x7c, 0xfd, 0xd4, 0x92, 0xce, 0xdc, 0x89, 0xf4, 0xf2, 0x28, 0xe8,
    0xa6, 0x63, 0x62, 0x95, 0xb8, 0x4b, 0x7c, 0x11, 0xef, 0xb0, 0x5f, 0xca, 0xef, 0xe0, 0xef, 0xa8,
    0x13, 0x07, 0xa0, 0x0a, 0xe3, 0x11, 0xe5, 0xd8, 0xf2, 0x45, 0x93, 0x8d, 0x0d, 0xf7, 0x93, 0x07,
    0x00, 0x09, 0x93, 0x85, 0x05, 0x09, 0x31, 0xbf, 0x13, 0x06, 0x00, 0x04, 0x93, 0x05, 0x4c, 0x02,
    0x01, 0x45, 0xef, 0xe0, 0xcf, 0xa5, 0xb7, 0x47, 0x40, 0x00, 0x93, 0x87, 0x77, 0x54, 0x23, 0xa0,
    0xfd, 0x10, 0xef, 0xb0, 0xbf, 0xc6, 0xef, 0xe0, 0x4f, 0xa5, 0xe3, 0x16, 0x75, 0xd5, 0xb7, 0x05,
    0x20, 0x00, 0x37, 0x4b, 0x80, 0x00, 0x13, 0x04, 0x04, 0xfa, 0x93, 0x85, 0x45, 0x06, 0x13, 0x0c,
    0x00, 0x08, 0xb7, 0x0b, 0x03, 0x04, 0x13, 0x0b, 0x8b, 0x54, 0x93, 0x0c, 0xa0, 0x0a, 0x63, 0x68,
    0x8c, 0x02, 0x22, 0x86, 0x01, 0x45, 0xef, 0xe0, 0x8f, 0xa1, 0x91, 0x67, 0x93, 0x87, 0x97, 0x54,
    0x42, 0x04, 0x5d, 0x8c, 0xb7, 0x07, 0x03, 0x04, 0x23, 0xa0, 0x87, 0x10, 0xef, 0xb0, 0x1f, 0xc2,
    0xef, 0xe0, 0xaf, 0xa0, 0x93, 0x07, 0xa0, 0x0a, 0xe3, 0x1f, 0xf5, 0xce, 0x05, 0xbf, 0x13, 0x06,
    0x00, 0x08, 0x01, 0x45, 0x2e, 0xce, 0xef, 0xe0, 0x8f, 0x9e, 0x23, 0xa0, 0x6b, 0x11, 0xef, 0xb0,
    0xff, 0xbf, 0xef, 0xe0, 0x8f, 0x9e, 0xe3, 0x10, 0x95, 0xcf, 0xf2, 0x45, 0x13, 0x04, 0x04, 0xf8,
    0x93, 0x85, 0x05, 0x08, 0x6d, 0xb7, 0xa1, 0x47, 0x93, 0x0b, 0x00, 0x08, 0xe3, 0x9c, 0xfc, 0x9c,
    0x03, 0x24, 0x0c, 0x00, 0xbd, 0x47, 0x21, 0x80, 0x42, 0x04, 0x41, 0x80, 0xe3, 0xed, 0xfa, 0x6a,
    0xce, 0x95, 0x4b, 0x81, 0x2c, 0x66, 0x45, 0x1e, 0xb4, 0x27, 0x53, 0x68, 0x90, 0x73, 0xd3, 0x3d,
    0x19, 0x53, 0x8d, 0x25, 0x51, 0x98, 0x0d, 0x90, 0x0a, 0x5b, 0x14, 0xde, 0xe9, 0x41, 0xfa, 0x90,
    0x4c, 0x87, 0xca, 0x03, 0x2b, 0x4c, 0x00, 0xfd, 0x57, 0xe3, 0x08, 0xfb, 0xca, 0x93, 0x14, 0xa4,
    0x00, 0x13, 0x85, 0x04, 0x40, 0xef, 0xd0, 0x0f, 0xcc, 0x93, 0x07, 0xa0, 0x0a, 0xaa, 0x8b, 0xe3,
    0x1d, 0xf5, 0xc8, 0x93, 0x84, 0x04, 0x20, 0x26, 0x85, 0xef, 0xd0, 0xcf, 0xca, 0xe3, 0x16, 0x75,
    0xc9, 0xda, 0x85, 0x26, 0x85, 0xef, 0xd0, 0xef, 0xc3, 0x93, 0x07, 0xa0, 0x0a, 0xe3, 0x1e, 0xf5,
    0xc6, 0x37, 0x37, 0x20, 0x00, 0x13, 0x07, 0x87, 0x0e, 0x85, 0x47, 0x33, 0x94, 0x87, 0x00, 0x1c,
    0x43, 0x5d, 0x8c, 0x00, 0xc3, 0x21, 0xbc, 0x8d, 0x47, 0x93, 0x0b, 0x00, 0x08, 0xe3, 0x95, 0xfc,
    0x96, 0x83, 0x27, 0x0c, 0x00, 0x3d, 0x47, 0xa1, 0x83, 0xc2, 0x07, 0xc1, 0x83, 0xe3, 0x66, 0xf7,
    0xc4, 0x37, 0x37, 0x20, 0x00, 0x03, 0x27, 0x87, 0x0e, 0x93, 0xf5, 0xf7, 0x0f, 0xd1, 0x4b, 0xb3,
    0x57, 0xf7, 0x00, 0x85, 0x8b, 0xe3, 0x81, 0x07, 0x94, 0x37, 0x15, 0x20, 0x00, 0x13, 0x05, 0x45,
    0x41, 0xef, 0xd0, 0xef, 0xb2, 0x85, 0x47, 0xe3, 0x04, 0xf5, 0xa2, 0x89, 0x47, 0x93, 0x0b, 0xc0,
    0x03, 0xe3, 0x13, 0xf5, 0x92, 0xd1, 0x4b, 0x6f, 0xf0, 0x1f, 0x92, 0xb3, 0x8c, 0x6b, 0x41, 0xc1,
    0x47, 0x63, 0xf3, 0x97, 0x01, 0xc1, 0x4c, 0x93, 0x15, 0x0c, 0x01, 0x37, 0x05, 0x01, 0x04, 0x4c,
    0xc9, 0xe2, 0x47, 0x93, 0x05, 0x50, 0x05, 0x88, 0x43, 0x63, 0x13, 0xb5, 0x02, 0x63, 0x81, 0x0d,
    0x02, 0xb3, 0x85, 0x8c, 0x01, 0x13, 0x05, 0x00, 0x08, 0xfa, 0x14, 0x90, 0x61, 0xf2, 0xa6, 0x72,
    0x49, 0x46, 0x79, 0xa8, 0x67, 0x15, 0x09, 0x82, 0x7e, 0x2c, 0xa0, 0x99, 0xe8, 0x47, 0x27, 0x72,
    0x45, 0xc8, 0x82, 0xc5, 0x6b, 0x28, 0x03, 0x51, 0x70, 0x1d, 0x68, 0x4d, 0x63, 0x74, 0xb5, 0x00,
    0x6f, 0xe0, 0x9f, 0xcf, 0xee, 0x85, 0x66, 0x86, 0x33, 0x05, 0xac, 0x01, 0xef, 0xc0, 0xcf, 0xb9,
    0xc1, 0x0d, 0x48, 0x44, 0x7e, 0x05, 0x13, 0x65, 0x25, 0x00, 0xef, 0xd0, 0x1f, 0xa1, 0x48, 0x44,
    0xb2, 0x57, 0x93, 0x95, 0x8c, 0x01, 0x7e, 0x05, 0x4d, 0x8d, 0x5d, 0x8d, 0xef, 0xd0, 0xff, 0x9f,
    0x48, 0x44, 0x85, 0x67, 0x93, 0x87, 0x07, 0x82, 0x7e, 0x05, 0x5d, 0x8d, 0xef, 0xd0, 0xff, 0x9e,
    0x72, 0x45, 0x13, 0x86, 0x3c, 0x00, 0xb7, 0x05, 0x00, 0x04, 0x71, 0x9a, 0x93, 0x85, 0x05, 0x04,
    0xef, 0xc0, 0xaf, 0xad, 0x13, 0x06, 0x00, 0x06, 0x63, 0x63, 0x86, 0x01, 0x41, 0x0c, 0x41, 0x0b,
    0x6f, 0xf0, 0x8f, 0xef, 0xb7, 0x37, 0x20, 0x00, 0x23, 0xac, 0x87, 0x0a, 0x6f, 0xf0, 0x4f, 0x9d,
    0xc2, 0x47, 0x37, 0x34, 0x20, 0x00, 0x13, 0x04, 0x44, 0x0b, 0x9c, 0x47, 0x63, 0x9e, 0xa7, 0x14,
    0xd2, 0x47, 0x37, 0x56, 0x10, 0x00, 0x37, 0x59, 0x10, 0x00, 0x13, 0x85, 0xc7, 0x06, 0x13, 0x06,
    0xc6, 0x1d, 0x93, 0x05, 0x89, 0x1e, 0xef, 0xc0, 0x6f, 0xed, 0xef, 0xe0, 0x2f, 0xbb, 0x37, 0x25,
    0x00, 0x08, 0xed, 0x26, 0xef, 0xb0, 0xbf, 0xfa, 0xef, 0xe0, 0xbf, 0xaa, 0xef, 0xd0, 0xaf, 0x93,
    0x82, 0x57, 0x37, 0x07, 0x08, 0x05, 0x13, 0x05, 0x00, 0x20, 0x9c, 0x43, 0xb7, 0x34, 0x20, 0x00,
    0xf9, 0x9b, 0x23, 0x22, 0xf7, 0x20, 0xef, 0xb0, 0x9f, 0xf7, 0xb7, 0x07, 0x00, 0x02, 0x98, 0x4f,
    0x45, 0x9b, 0x98, 0xcf, 0xfa, 0x79, 0xca, 0x29, 0x35, 0xa1, 0x1f, 0x63, 0x26, 0x32, 0x97, 0xf7,
    0x55, 0x00, 0x6a, 0x47, 0x4c, 0x45, 0x45, 0x2d, 0xb3, 0x41, 0x7f, 0x6d, 0x50, 0x68, 0x69, 0x61,
    0x53, 0x12, 0x54, 0x15, 0xa1, 0x40, 0x4e, 0xd8, 0x4f, 0x93, 0x76, 0x77, 0x00, 0x61, 0x9b, 0x23,
    0xaa, 0xd4, 0x06, 0x13, 0x67, 0x47, 0x00, 0xd8, 0xcf, 0x98, 0x4f, 0x93, 0x84, 0x44, 0x07, 0x79,
    0x9b, 0x98, 0xcf, 0xb2, 0x47, 0x83, 0xac, 0x07, 0x00, 0x03, 0xab, 0x47, 0x00, 0x93, 0xfb, 0x0c,
    0x01, 0x63, 0x87, 0x0b, 0x00, 0x13, 0xf5, 0xfc, 0xfe, 0xda, 0x85, 0xef, 0xc0, 0xcf, 0xc4, 0xef,
    0xc0, 0x9f, 0xad, 0xd2, 0x47, 0x37, 0x56, 0x10, 0x00, 0x93, 0x05, 0x89, 0x1e, 0x13, 0x06, 0x06,
    0x1f, 0x13, 0x85, 0xc7, 0x06, 0xef, 0xc0, 0xaf, 0xe4, 0x37, 0x09, 0x00, 0x02, 0x03, 0x2c, 0xc9,
    0x01, 0x83, 0x27, 0x89, 0x01, 0x13, 0x05, 0x80, 0x07, 0x13, 0x7c, 0x8c, 0xff, 0x93, 0xe7, 0x17,
    0x00, 0x23, 0x2c, 0xf9, 0x00, 0xef, 0xb0, 0xbf, 0xd1, 0x9c, 0x40, 0x33, 0x6c, 0xfc, 0x00, 0x23,
    0x2e, 0x89, 0x01, 0xef, 0xd0, 0x8f, 0xd7, 0x13, 0x85, 0x09, 0x80, 0xef, 0xb0, 0xbf, 0xea, 0xb7,
    0x27, 0x00, 0x06, 0x21, 0x47, 0x98, 0xcb, 0x83, 0x27, 0x89, 0x00, 0x93, 0xe7, 0x17, 0x00, 0x23,
    0x24, 0xf9, 0x00, 0x18, 0x40, 0xb7, 0x07, 0x00, 0x03, 0x98, 0xcb, 0x63, 0x86, 0x0b, 0x00, 0x66,
    0x85, 0xda, 0x85, 0xef, 0xc0, 0x4f, 0xbd, 0xb7, 0x27, 0x20, 0x00, 0x13, 0x07, 0x50, 0x05, 0x23,
    0xa4, 0xe7, 0x62, 0xc2, 0x47, 0x98, 0x43, 0xb7, 0xb7, 0xa1, 0xf4, 0x93, 0x87, 0x27, 0xa1, 0x63,
    0x04, 0xf7, 0x00, 0x6f, 0xe0, 0x9f, 0xb5, 0xc2, 0x47, 0xd8, 0x43, 0xb7, 0x07, 0xee, 0x45, 0xfa,
    0xc8, 0xe3, 0x96, 0x75, 0x42, 0x11, 0x92, 0x5e, 0xcd, 0xb8, 0x83, 0xa9, 0x14, 0x15, 0x90, 0x4a,
    0xd0, 0xa4, 0xaa, 0xa9, 0x0d, 0xea, 0x6e, 0xb0, 0x90, 0xb4, 0x33, 0x10, 0x31, 0x7c, 0x14, 0x1f,
    0x18, 0x4f, 0x93, 0x87, 0x17, 0x52, 0x63, 0x04, 0xf7, 0x00, 0x6f, 0xe0, 0x5f, 0xb4, 0x37, 0x07,
    0x01, 0x02, 0x10, 0x53, 0xb2, 0x47, 0x54, 0x53, 0x32, 0x47, 0x9c, 0x43, 0x58, 0x43, 0xf1, 0x8f,
    0x75, 0x8f, 0xd9, 0x8f, 0x99, 0xe3, 0x6f, 0xe0, 0x1f, 0xe9, 0x6f, 0xe0, 0x5f, 0xb2, 0xef, 0xe0,
    0xbf, 0x97, 0xb2, 0x47, 0x03, 0xa9, 0x07, 0x00, 0x03, 0xab, 0x47, 0x00, 0x93, 0x74, 0x09, 0x01,
    0x91, 0xc4, 0x13, 0x75, 0xf9, 0xfe, 0xda, 0x85, 0xef, 0xc0, 0x2f, 0xb6, 0xef, 0xc0, 0xff, 0x9e,
    0x13, 0x85, 0x09, 0x80, 0xef, 0xb0, 0x5f, 0xe0, 0xb7, 0x27, 0x00, 0x06, 0x21, 0x47, 0x98, 0xcb,
    0x37, 0x07, 0x00, 0x02, 0x1c, 0x47, 0x93, 0xe7, 0x17, 0x00, 0x1c, 0xc7, 0x18, 0x40, 0xb7, 0x07,
    0x00, 0x03, 0x98, 0xcb, 0xad, 0xd8, 0x4a, 0x85, 0xda, 0x85, 0xef, 0xc0, 0x0f, 0xb3, 0xa5, 0xb7,
    0x37, 0x07, 0x01, 0x04, 0x1c, 0x47, 0x93, 0x0c, 0x04, 0xff, 0x93, 0xf6, 0x17, 0x00, 0x99, 0xc2,
    0x6f, 0xf0, 0x6f, 0x8b, 0x85, 0x4b, 0x6f, 0xf0, 0x2f, 0xc2, 0x41, 0x11, 0x36, 0xc6, 0x3a, 0xc4,
    0x3e, 0xc2, 0x37, 0x27, 0x03, 0x04, 0x1c, 0x47, 0x93, 0xf6, 0x27, 0x00, 0x89, 0xca, 0x89, 0x46,
    0x14, 0xc7, 0x37, 0x37, 0x20, 0x00, 0x93, 0x06, 0xa0, 0x0a, 0x23, 0x26, 0xd7, 0x0a, 0x91, 0x8b,
    0x99, 0xcf, 0xb7, 0x27, 0x03, 0x04, 0x11, 0x47, 0x98, 0xc7, 0x37, 0x37, 0x20, 0x00, 0x93, 0x07,
    0xa0, 0x0a, 0x23, 0x28, 0xf7, 0x0a, 0x37, 0x37, 0x20, 0x00, 0xfa, 0xc1, 0x5f, 0x83, 0x05, 0x46,
    0x95, 0x76, 0x68, 0x3e, 0x57, 0x4b, 0xdd, 0xbd, 0x21, 0xb3, 0x12, 0x15, 0x74, 0x4d, 0xc6, 0x5d,
    0xd7, 0xee, 0x82, 0x2c, 0xd2, 0xa1, 0xff, 0x66, 0x96, 0x47, 0x0e, 0xf0, 0x4f, 0x23, 0x26, 0xf7,
    0x0a, 0xb2, 0x46, 0x22, 0x47, 0x92, 0x47, 0x41, 0x01, 0x73, 0x00, 0x20, 0x30, 0x1d, 0x71, 0x3a,
    0xda, 0x86, 0xce, 0x96, 0xcc, 0x9a, 0xca, 0x9e, 0xc8, 0xa2, 0xc6, 0xa6, 0xc4, 0xaa, 0xc2, 0xae,
    0xc0, 0x32, 0xde, 0x36, 0xdc, 0x3e, 0xd8, 0x42, 0xd6, 0x46, 0xd4, 0x4a, 0xd2, 0x4e, 0xd0, 0x72,
    0xce, 0x76, 0xcc, 0x7a, 0xca, 0x7e, 0xc8, 0x37, 0x07, 0x00, 0x03, 0x1c, 0x47, 0x85, 0x8b, 0xa1,
    0xc7, 0x04, 0x57, 0x11, 0x44, 0x37, 0x39, 0x20, 0x00, 0x83, 0x27, 0x09, 0x08, 0x13, 0xf5, 0xf4,
    0x0f, 0x7d, 0x14, 0x82, 0x97, 0xa1, 0x80, 0x6d, 0xf8, 0x36, 0x44, 0xf6, 0x40, 0xe6, 0x42, 0x56,
    0x43, 0xc6, 0x43, 0xa6, 0x44, 0x16, 0x45, 0x86, 0x45, 0x72, 0x56, 0xe2, 0x56, 0x52, 0x57, 0xc2,
    0x57, 0x32, 0x58, 0xa2, 0x58, 0x12, 0x59, 0x82, 0x59, 0x72, 0x4e, 0xe2, 0x4e, 0x52, 0x4f, 0xc2,
    0x4f, 0x25, 0x61, 0x73, 0x00, 0x20, 0x30, 0xb7, 0x37, 0x20, 0x00, 0x13, 0x87, 0x87, 0x0c, 0x03,
    0x47, 0x07, 0x00, 0x13, 0x84, 0x87, 0x0c, 0x13, 0x77, 0xf7, 0x0f, 0x0d, 0xeb, 0xb7, 0x04, 0x00,
    0x03, 0x37, 0x39, 0x20, 0x00, 0x93, 0x09, 0xa0, 0x0a, 0x9c, 0x44, 0x91, 0x8b, 0xd5, 0xf7, 0x83,
    0x27, 0xc9, 0x0c, 0x02, 0xc6, 0x68, 0x00, 0x82, 0x97, 0x63, 0x0d, 0x35, 0x01, 0x85, 0x47, 0x23,
    0x00, 0xf4, 0x00, 0xc1, 0x67, 0x93, 0x87, 0x07, 0x02, 0xdc, 0xcc, 0x79, 0xb7, 0xef, 0xb0, 0x0f,
    0xfe, 0x61, 0xb7, 0xb2, 0x47, 0xfa, 0x37, 0xf3, 0xaa, 0x78, 0x18, 0x86, 0x04, 0x5e, 0x37, 0x41,
    0x2a, 0x76, 0x49, 0x27, 0xc1, 0xb9, 0x4b, 0x59, 0xd1, 0x9f, 0x1c, 0xdc, 0x2e, 0x6f, 0x00, 0xa1,
    0x50, 0x26, 0x46, 0xd6, 0xc1, 0x71, 0xc8, 0x50, 0x9c, 0xd8, 0xc9, 0xbf, 0x39, 0x71, 0x3a, 0xce,
    0x06, 0xde, 0x16, 0xdc, 0x1a, 0xda, 0x1e, 0xd8, 0x2a, 0xd6, 0x2e, 0xd4, 0x32, 0xd2, 0x36, 0xd0,
    0x3e, 0xcc, 0x42, 0xca, 0x46, 0xc8, 0x72, 0xc6, 0x76, 0xc4, 0x7a, 0xc2, 0x7e, 0xc0, 0x37, 0x07,
    0x10, 0x01, 0x1c, 0x47, 0x58, 0x47, 0xf9, 0x8f, 0x91, 0xcf, 0xb7, 0x37, 0x20, 0x00, 0x93, 0x87,
    0x47, 0x0c, 0x98, 0x43, 0x05, 0x07, 0x98, 0xc3, 0xb7, 0x07, 0x10, 0x01, 0x98, 0x47, 0x0d, 0x8b,
    0x98, 0xc7, 0x19, 0xa8, 0xb7, 0x07, 0x20, 0x01, 0x98, 0x47, 0xdc, 0x47, 0x7d, 0x8f, 0xb7, 0x07,
    0x20, 0x01, 0x6d, 0xf7, 0xef, 0xb0, 0x7f, 0xa7, 0xf2, 0x50, 0xe2, 0x52, 0x52, 0x53, 0xc2, 0x53,
    0x32, 0x55, 0xa2, 0x55, 0x12, 0x56, 0x82, 0x56, 0x72, 0x47, 0xe2, 0x47, 0x52, 0x48, 0xc2, 0x48,
    0x32, 0x4e, 0xa2, 0x4e, 0x12, 0x4f, 0x82, 0x4f, 0x21, 0x61, 0x73, 0x00, 0x20, 0x30, 0x5c, 0x5d,
    0x93, 0xe7, 0x27, 0x00, 0x5c, 0xdd, 0x82, 0x80, 0xb7, 0x37, 0x20, 0x00, 0x93, 0x87, 0x07, 0x04,
    0x98, 0x43, 0x94, 0x47, 0xdc, 0x43, 0x18, 0x4f, 0x13, 0x05, 0xa0, 0x0a, 0x75, 0x8f, 0x63, 0x04,
    0xf7, 0x00, 0x13, 0x05, 0x50, 0x05, 0x82, 0x80, 0x5c, 0x5d, 0xf5, 0x9b, 0x5c, 0xdd, 0x3d, 0x45,
    0x6f, 0xb0, 0x9f, 0xa4, 0xb7, 0x37, 0x20, 0x00, 0x93, 0x87, 0x07, 0x04, 0x88, 0xc3, 0x37, 0x55,
    0x10, 0x00, 0x13, 0x07, 0x00, 0x10, 0x93, 0x05, 0x80, 0x3e, 0x13, 0x05, 0x85, 0xd5, 0x23, 0xa2,
    0xfa, 0x61, 0xf5, 0xc2, 0x43, 0xba, 0xb9, 0xed, 0xc1, 0x7c, 0xdd, 0x37, 0xdf, 0xed, 0x7e, 0xcd,
    0xec, 0x5a, 0x49, 0xd9, 0x43, 0xde, 0x51, 0x52, 0xf9, 0x63, 0xfa, 0xd2, 0x17, 0x30, 0xf1, 0x86,
    0x5b, 0xa0, 0x51, 0x07, 0x00, 0x98, 0xc7, 0x6f, 0xc0, 0xbf, 0xd0, 0x37, 0x07, 0x01, 0x02, 0x5c,
    0x43, 0xb7, 0x06, 0x05, 0x00, 0xd5, 0x8f, 0x5c, 0xc3, 0x82, 0x80, 0x41, 0x11, 0x22, 0xc4, 0x06,
    0xc6, 0xb7, 0x37, 0x00, 0x08, 0x2a, 0x84, 0x63, 0x0a, 0xf5, 0x00, 0xb7, 0x27, 0x00, 0x08, 0x37,
    0x05, 0x04, 0x00, 0x63, 0x06, 0xf4, 0x00, 0xef, 0xb0, 0x5f, 0xd3, 0x37, 0x05, 0x08, 0x00, 0xef,
    0xb0, 0x3f, 0xb9, 0x5c, 0x5c, 0x22, 0x85, 0x93, 0xe7, 0x37, 0x00, 0x5c, 0xdc, 0x23, 0x2c, 0x04,
    0x00, 0x22, 0x44, 0xb2, 0x40, 0x41, 0x01, 0x6f, 0xf0, 0x1f, 0xf9, 0xfd, 0x77, 0xfd, 0x17, 0xe9,
    0x8f, 0xb7, 0x26, 0x00, 0x08, 0x63, 0x86, 0xd7, 0x00, 0x41, 0x11, 0x06, 0xc6, 0xef, 0xb0, 0xff,
    0xcf, 0x54, 0x5d, 0x2a, 0x87, 0xf5, 0x9a, 0x54, 0xdd, 0x37, 0x05, 0x04, 0x00, 0x63, 0x04, 0xf7,
    0x00, 0x37, 0x05, 0x08, 0x00, 0x6f, 0xb0, 0x9f, 0xb8, 0x41, 0x11, 0x06, 0xc6, 0x22, 0xc4, 0x2a,
    0x84, 0xef, 0xf0, 0xbf, 0xf8, 0x22, 0x85, 0xef, 0xf0, 0x5f, 0xf4, 0x5c, 0x48, 0x37, 0x07, 0xc0,
    0x09, 0x22, 0x85, 0xba, 0x07, 0xb9, 0x83, 0xd9, 0x8f, 0x5c, 0xc8, 0xef, 0xf0, 0x7f, 0xf0, 0x22,
    0x85, 0xef, 0xf0, 0x7f, 0xf3, 0x22, 0x85, 0x22, 0x44, 0xb2, 0x40, 0x41, 0x01, 0x6f, 0xf0, 0xff,
    0xf9, 0x41, 0x11, 0x06, 0xc6, 0xef, 0xf0, 0x7f, 0xf4, 0x37, 0x25, 0x00, 0x08, 0xef, 0xf0, 0xdf,
    0xfb, 0xb2, 0x40, 0x37, 0x35, 0x00, 0x08, 0x41, 0x01, 0x6f, 0xf0, 0xfa, 0xa4, 0xf5, 0x9f, 0xd7,
    0xe0, 0x33, 0x6e, 0xd2, 0xc7, 0x48, 0xaf, 0x59, 0xbb, 0x18, 0x2a, 0x2b, 0xe6, 0x63, 0x53, 0x91,
    0x93, 0x0a, 0xa3, 0x5c, 0xad, 0xfd, 0xe8, 0xb7, 0x32, 0x21, 0xfb, 0x9d, 0x78, 0x52, 0x1f, 0xfb,
    0x39, 0x71, 0x06, 0xde, 0x22, 0xdc, 0x26, 0xda, 0x4a, 0xd8, 0x4e, 0xd6, 0x52, 0xd4, 0x56, 0xd2,
    0x5a, 0xd0, 0x5e, 0xce, 0x62, 0xcc, 0x99, 0xe1, 0xef, 0xb0, 0x7f, 0xc7, 0xfd, 0x77, 0xfd, 0x17,
    0xe9, 0x8f, 0x37, 0x27, 0x00, 0x08, 0xaa, 0x84, 0xe3, 0x98, 0xe7, 0xfe, 0xb7, 0x39, 0x20, 0x00,
    0x2e, 0x89, 0x32, 0x84, 0x93, 0x89, 0x09, 0x04, 0x85, 0x4a, 0x37, 0x5b, 0x10, 0x00, 0x93, 0x0b,
    0xa0, 0x0a, 0x11, 0x4c, 0x15, 0xe4, 0x9c, 0x4c, 0x37, 0x07, 0x11, 0x00, 0x13, 0x05, 0xa0, 0x0a,
    0xf9, 0x8f, 0x99, 0xc3, 0x13, 0x05, 0x50, 0x05, 0xf2, 0x50, 0x62, 0x54, 0xd2, 0x54, 0x42, 0x59,
    0xb2, 0x59, 0x22, 0x5a, 0x92, 0x5a, 0x02, 0x5b, 0xf2, 0x4b, 0x62, 0x4c, 0x21, 0x61, 0x82, 0x80,
    0x93, 0x05, 0x80, 0x3e, 0x13, 0x05, 0x8b, 0xd5, 0x23, 0xa0, 0x99, 0x00, 0x23, 0xa2, 0x59, 0x01,
    0x23, 0xa4, 0x59, 0x01, 0xef, 0xc0, 0x1f, 0xbb, 0xe3, 0x16, 0x75, 0xfd, 0xdc, 0x50, 0x22, 0x8a,
    0x3e, 0xc6, 0x63, 0x73, 0x8c, 0x00, 0x11, 0x4a, 0x4a, 0x85, 0x52, 0x86, 0x6c, 0x00, 0xe9, 0x20,
    0x52, 0x99, 0x33, 0x04, 0x44, 0x41, 0x79, 0xbf, 0x41, 0x11, 0x37, 0x05, 0x02, 0x00, 0x06, 0xc6,
    0xef, 0xb0, 0x5f, 0xa4, 0xb7, 0x17, 0x00, 0x08, 0x37, 0x07, 0x07, 0x00, 0x98, 0xd3, 0xb2, 0x40,
    0x13, 0x05, 0x40, 0x1f, 0x41, 0x01, 0x6f, 0xb0, 0x9f, 0x88, 0xb7, 0x17, 0x00, 0x08, 0x23, 0xa0,
    0x07, 0x02, 0x37, 0x05, 0x02, 0x00, 0xfa, 0xa3, 0xe2, 0xa7, 0x7f, 0x4e, 0x74, 0x77, 0x9f, 0x38,
    0xcf, 0xc5, 0xf4, 0x76, 0xa0, 0xef, 0xc5, 0xe9, 0xb5, 0x04, 0x71, 0xb5, 0xb4, 0xf3, 0x60, 0x39,
    0x50, 0x06, 0x5b, 0x0e, 0x25, 0xa4, 0x70, 0x50, 0x53, 0x6f, 0xb0, 0xbf, 0xa5, 0x39, 0x71, 0x3e,
    0xcc, 0x06, 0xde, 0x16, 0xdc, 0x1a, 0xda, 0x1e, 0xd8, 0x2a, 0xd6, 0x2e, 0xd4, 0x32, 0xd2, 0x36,
    0xd0, 0x3a, 0xce, 0x42, 0xca, 0x46, 0xc8, 0x72, 0xc6, 0x76, 0xc4, 0x7a, 0xc2, 0x7e, 0xc0, 0xb7,
    0x17, 0x00, 0x08, 0x98, 0x57, 0x05, 0x8b, 0x05, 0xcb, 0x98, 0x57, 0x13, 0x67, 0x17, 0x00, 0x98,
    0xd7, 0xf2, 0x50, 0xe2, 0x52, 0x52, 0x53, 0xc2, 0x53, 0x32, 0x55, 0xa2, 0x55, 0x12, 0x56, 0x82,
    0x56, 0x72, 0x47, 0xe2, 0x47, 0x52, 0x48, 0xc2, 0x48, 0x32, 0x4e, 0xa2, 0x4e, 0x12, 0x4f, 0x82,
    0x4f, 0x21, 0x61, 0x73, 0x00, 0x20, 0x30, 0x98, 0x57, 0x09, 0x8b, 0x09, 0xc7, 0x98, 0x57, 0x13,
    0x67, 0x27, 0x00, 0xf1, 0xb7, 0x98, 0x57, 0x11, 0x8b, 0x09, 0xc7, 0x98, 0x57, 0x13, 0x67, 0x47,
    0x00, 0x7d, 0xbf, 0xb7, 0x07, 0x00, 0x01, 0x73, 0xb0, 0x47, 0x30, 0xef, 0xb0, 0x8f, 0xfc, 0x4d,
    0xbf, 0xb7, 0x07, 0x00, 0x08, 0x05, 0x47, 0xd8, 0xc7, 0x82, 0x80, 0x2a, 0x83, 0x09, 0xca, 0x83,
    0x83, 0x05, 0x00, 0x23, 0x00, 0x73, 0x00, 0x7d, 0x16, 0x05, 0x03, 0x85, 0x05, 0x6d, 0xfa, 0x82,
    0x80, 0x15, 0xc2, 0x2a, 0x83, 0x85, 0x46, 0x63, 0x67, 0xb5, 0x00, 0xfd, 0x56, 0x13, 0x07, 0xf6,
    0xff, 0x3a, 0x93, 0xba, 0x95, 0x83, 0x83, 0x05, 0x00, 0x23, 0x00, 0x73, 0x00, 0x7d, 0x16, 0x36,
    0x93, 0xb6, 0x95, 0x6d, 0xfa, 0x82, 0x80, 0x2a, 0x83, 0x11, 0xc6, 0x23, 0x00, 0xb3, 0x00, 0x7d,
    0x16, 0xfa, 0x82, 0xc8, 0xc3, 0x0d, 0xac, 0x0d, 0xcd, 0x6a, 0xd5, 0x7f, 0xe3, 0x64, 0xa2, 0x2e,
    0xe3, 0xb5, 0x48, 0xe5, 0xc3, 0x0b, 0x4f, 0xaa, 0x31, 0x19, 0xd5, 0xdc, 0xf8, 0xc0, 0xbc, 0x79,
    0xe4, 0x7e, 0x28, 0x54, 0x05, 0x03, 0x65, 0xfe, 0x82, 0x80, 0x00, 0x00, 0x4d, 0x41, 0x49, 0x4e,
    0x00, 0x00, 0x00, 0x00, 0x53, 0x45, 0x53, 0x53, 0x00, 0x00, 0x00, 0x00, 0x23, 0x20, 0x25, 0x6c,
    0x75, 0x20, 0x00, 0x00, 0x25, 0x73, 0x28, 0x25, 0x73, 0x29, 0x3a, 0x20, 0x00, 0x00, 0x00, 0x00,
    0x0a, 0x00, 0x00, 0x00, 0x63, 0x6f, 0x64, 0x65, 0x3a, 0x20, 0x25, 0x78, 0x00, 0x00, 0x00, 0x00,
    0x53, 0x45, 0x43, 0x43, 0x48, 0x4e, 0x4c, 0x00, 0x44, 0x00, 0x00, 0x00, 0x45, 0x00, 0x00, 0x00,
    0x4d, 0x43, 0x4e, 0x54, 0x00, 0x00, 0x00, 0x00, 0x4d, 0x53, 0x47, 0x00, 0x54, 0x58, 0x3a, 0x20,
    0x25, 0x64, 0x2f, 0x25, 0x64, 0x2c, 0x20, 0x6c, 0x3d, 0x25, 0x64, 0x00, 0x43, 0x4d, 0x44, 0x33,
    0x00, 0x00, 0x00, 0x00, 0x49, 0x00, 0x00, 0x00, 0x46, 0x53, 0x53, 0x00, 0x49, 0x52, 0x51, 0x00,
    0x4f, 0x54, 0x50, 0x00, 0x53, 0x43, 0x42, 0x00, 0x43, 0x52, 0x43, 0x20, 0x72, 0x78, 0x3a, 0x20,
    0x25, 0x30, 0x34, 0x78, 0x2c, 0x20, 0x63, 0x61, 0x6c, 0x63, 0x3a, 0x20, 0x25, 0x30, 0x34, 0x78,
    0x00, 0x00, 0x00, 0x00, 0x48, 0x19, 0x10, 0x00, 0x68, 0x19, 0x10, 0x00, 0xbe, 0x19, 0x10, 0x00,
    0x3c, 0x1a, 0x10, 0x00, 0x46, 0x1a, 0x10, 0x00, 0x4f, 0x53, 0x00, 0x00, 0x63, 0x6f, 0x6e, 0x64,
    0x3a, 0x20, 0x25, 0x78, 0x00, 0x00, 0x00, 0x00, 0x65, 0x6e, 0x61, 0x62, 0x6c, 0x65, 0x64, 0x20,
    0x25, 0x64, 0x00, 0x00, 0x01, 0x00, 0x00, 0x00, 0x53, 0x50, 0x45, 0x43, 0xfa, 0x02, 0x51, 0x2b,
    0x05, 0x6a, 0x9f, 0x44, 0x28, 0xd7, 0xa7, 0x50, 0x13, 0xe0, 0xe5, 0x4e, 0x37, 0xa1, 0x6c, 0xec,
    0xbb, 0x28, 0x8c, 0x20, 0x38, 0xbf, 0x14, 0x1f, 0x10, 0xd0, 0xb6, 0xa1, 0x74, 0x00, 0x55, 0x54,
    0x00, 0x00, 0x00, 0x53, 0x54, 0x3a, 0x20, 0x25, 0x78, 0x00, 0x00, 0x4b, 0x44, 0x42, 0x00, 0x41,
    0x4c, 0x41, 0x52, 0x4d, 0x20, 0x43, 0x48, 0x41, 0x4e, 0x4e, 0x45, 0x4c, 0x53, 0x3a, 0x20, 0x25,
    0x78, 0x20, 0x25, 0x78, 0x00, 0x00, 0x00, 0x53, 0x43, 0x4e, 0x54, 0x52, 0x00, 0x00, 0x00, 0x57,
    0x00, 0x00, 0x00, 0x52, 0x58, 0x3a, 0x20, 0x63, 0x6d, 0x64, 0x3d, 0x30, 0x78, 0x25, 0x30, 0x32,
    0x78, 0x2c, 0x6c, 0x3d, 0x25, 0x64, 0x00, 0x6c, 0x65, 0x6e, 0x20, 0x25, 0x64, 0x2f, 0x25, 0x64,
    0x00, 0x00, 0x00, 0x72, 0x73, 0x70, 0x3d, 0x25, 0x78, 0x00, 0x00, 0x73, 0x74, 0x61, 0x72, 0x74,
    0x2c, 0x20, 0x76, 0x3a, 0x20, 0x25, 0x78, 0x00, 0x00, 0x00, 0x00, 0x50, 0x52, 0x4f, 0x56, 0x49,
    0x53, 0x49, 0x4f, 0x4e, 0x20, 0x4f, 0x4b, 0x00, 0x00, 0x00, 0x00, 0x4e, 0x3a, 0x20, 0x25, 0x78,
    0x00, 0x00, 0x00, 0x4c, 0x33, 0x20, 0x63, 0x6d, 0x64, 0x20, 0x25, 0x64, 0x3a, 0x20, 0x25, 0x78,
    0x2c, 0x20, 0x6c, 0x65, 0x6e, 0x3a, 0x20, 0x25, 0x64, 0x00, 0x00, 0x43, 0x50, 0x42, 0x3a, 0x20,
    0x25, 0x64, 0x00, 0x4c, 0x33, 0x20, 0x61, 0x63, 0x63, 0x65, 0x73, 0x73, 0x20, 0x66, 0x61, 0x69,
    0x6c, 0x65, 0x64, 0x2c, 0x20, 0x63, 0x6d, 0x64, 0x3a, 0x20, 0x25, 0x64, 0x2c, 0x20, 0x6c, 0x65,
    0x6e, 0x3a, 0x20, 0x25, 0x64, 0x20, 0x00, 0x73, 0x74, 0x3a, 0x20, 0x25, 0x78, 0x00, 0x00, 0x4d,
    0x41, 0x44, 0x00, 0x73, 0x65, 0x6e, 0x74, 0xfa, 0xd3, 0xb0, 0xdb, 0xfd, 0xba, 0xe4, 0xcb, 0xd9,
    0xad, 0xda, 0xb2, 0x74, 0xc5, 0x8a, 0xac, 0x2a, 0x39, 0x68, 0xde, 0x37, 0x8f, 0xb7, 0x5e, 0xb7,
    0x05, 0x4a, 0xf3, 0xae, 0xd0, 0x16, 0xc1, 0xf0, 0xd8, 0x55, 0x00, 0x00, 0x00, 0x00, 0x65, 0x6e,
    0x74, 0x65, 0x72, 0x20, 0x73, 0x6c, 0x65, 0x65, 0x70, 0x00, 0x53, 0x4c, 0x45, 0x45, 0x50, 0x00,
    0x00, 0x00, 0x77, 0x61, 0x6b, 0x65, 0x75, 0x70, 0x00, 0x00, 0x28, 0x45, 0x10, 0x00, 0x4e, 0x45,
    0x10, 0x00, 0x68, 0x45, 0x10, 0x00, 0xa2, 0x45, 0x10, 0x00, 0x02, 0x3d, 0x10, 0x00, 0x02, 0x3d,
    0x10, 0x00, 0x02, 0x3d, 0x10, 0x00, 0x02, 0x3d, 0x10, 0x00, 0x02, 0x3d, 0x10, 0x00, 0x02, 0x3d,
    0x10, 0x00, 0x02, 0x3d, 0x10, 0x00, 0x02, 0x3d, 0x10, 0x00, 0x02, 0x3d, 0x10, 0x00, 0x02, 0x3d,
    0x10, 0x00, 0x02, 0x3d, 0x10, 0x00, 0x02, 0x3d, 0x10, 0x00, 0xca, 0x45, 0x10, 0x00, 0x48, 0x46,
    0x10, 0x00, 0x4e, 0x6f, 0x69, 0x73, 0x65, 0x5f, 0x4b, 0x4b, 0x31, 0x5f, 0x32, 0x35, 0x35, 0x31,
    0x39, 0x5f, 0x41, 0x45, 0x53, 0x47, 0x43, 0x4d, 0x5f, 0x53, 0x48, 0x41, 0x32, 0x35, 0x36, 0x00,
    0x00, 0x00, 0x00, 0x00, 0x00, 0x00, 0x0c, 0x18, 0x00, 0x00, 0x20, 0x00, 0x00, 0x00, 0x03, 0x0f,
    0x00, 0x00, 0x10, 0x18, 0x00, 0x00, 0x24, 0x00, 0x00, 0x00, 0x05, 0x0a, 0x0a, 0x0a, 0x14, 0x18,
    0x00, 0x00, 0x28, 0x00, 0x00, 0x00, 0x14, 0x14, 0x00, 0x00, 0x00, 0x00, 0x00, 0x00, 0x00, 0x00,
    0x00, 0x00, 0x00, 0x00, 0x00, 0x00, 0x00, 0x00, 0x00, 0x01, 0x00, 0x00, 0x00, 0x00, 0x80, 0x1f,
    0x00, 0x06, 0x01, 0x00, 0x00, 0x01, 0x00, 0x00, 0x00, 0x00, 0xa0, 0x1f, 0x00, 0x06, 0x02, 0x00,
    0x05, 0x01, 0xe6, 0xf5, 0xa9, 0xb9, 0x44, 0x29, 0x8d, 0x10, 0xdf, 0xca, 0x91, 0x0b, 0xc2, 0x1a,
    0x35, 0xa9, 0xf4, 0xd4, 0x76, 0x36, 0x32, 0x0a, 0x2b, 0x83, 0xc4, 0xd9, 0x7a, 0x65, 0x6c, 0x32,
    0xfc, 0x93, 0x14, 0xb0, 0x56, 0x00, 0x00, 0x00, 0x00, 0x00, 0x1c, 0x00, 0x06, 0x03, 0x10, 0x08,
    0x00, 0x00, 0x18, 0x00, 0x00, 0x40, 0x1f, 0x00, 0x06, 0x06, 0x10, 0x08, 0x00, 0x04, 0x18, 0x00,
    0x00, 0x60, 0x1f, 0x00, 0x06, 0x04, 0x00, 0x09, 0x01, 0x00, 0x00, 0x00, 0x00, 0x00, 0x80, 0x06,
    0x05, 0x05, 0x7f, 0x07, 0x01, 0x08, 0x18, 0x00, 0x00, 0x00, 0x00, 0x00, 0x00, 0x01, 0xf0, 0x01,
    0x10, 0x10, 0x00, 0x04, 0x02, 0x11, 0x00, 0x44, 0x02, 0x12, 0x00, 0x84, 0x02, 0x20, 0x90, 0x01,
    0x03, 0x21, 0x80, 0x42, 0x03, 0x22, 0xf0, 0x01, 0x03, 0x30, 0x80, 0x02, 0x04, 0x31, 0x80, 0x42,
    0x04, 0x40, 0x70, 0x04, 0x11, 0x41, 0x70, 0x44, 0x11, 0x42, 0x70, 0x84, 0x11, 0x50, 0xf0, 0x01,
    0x12, 0x60, 0x32, 0x04, 0x13, 0x61, 0x32, 0x44, 0x13, 0x62, 0x32, 0x84, 0x13, 0x63, 0x32, 0xc4,
    0x13, 0x70, 0x32, 0x04, 0x14, 0x71, 0x32, 0x44, 0x14, 0x80, 0x20, 0x04, 0x15, 0x81, 0x20, 0x84,
    0x15, 0x82, 0x20, 0x44, 0x15, 0x90, 0x51, 0x04, 0x16, 0x00, 0x00, 0x00, 0x00, 0xc2, 0x23, 0x10,
    0x00, 0xda, 0x27, 0x10, 0x00, 0xc6, 0x27, 0x10, 0x00, 0x20, 0x28, 0x10, 0x00, 0xd6, 0x28, 0x10,
    0x00, 0x5a, 0x28, 0x10, 0x00, 0xc3, 0x14, 0x13, 0x00, 0x12, 0xaa, 0xa1, 0xf4, 0x21, 0x05, 0xee,
    0x45, 0xed, 0x55, 0x5e, 0x0b, 0xde, 0xfa, 0x11, 0xba, 0x72, 0x58, 0x9d, 0x92, 0x7d, 0xcf, 0xe5,
    0xea, 0xd5, 0x0b, 0x7f, 0xe0, 0x18, 0xf7, 0x6a, 0xc6, 0x56, 0x3f, 0xd3, 0x60, 0xc5, 0x7e, 0x45,
    0x9b, 0xdf, 0x74, 0xe2, 0x30, 0xef, 0xa6, 0x95, 0x73, 0x36, 0xb0, 0x03, 0xff, 0xff, 0xff, 0xff,
    0xff, 0xff, 0xff, 0xff, 0xff, 0xff, 0xff, 0xff, 0xff, 0xff, 0xff, 0xff, 0xff, 0xff, 0xff, 0xff,
    0xff, 0xff, 0xff, 0xff, 0xff, 0xff, 0xff, 0xff, 0xff, 0xff, 0xff, 0xff, 0xff, 0xff, 0xff, 0xff,
    0xff, 0xff, 0xff, 0xff, 0xff, 0xff, 0xff, 0xff, 0xff, 0xff, 0xff, 0xff, 0xff, 0xff, 0xff, 0xff,
    0xff, 0xff, 0xff, 0xff, 0xff, 0xff, 0xff, 0xff, 0xff, 0xff, 0xff, 0xff, 0xff, 0xff, 0xff, 0xff,
    0xff, 0xff, 0xff, 0xff, 0xff, 0xff, 0xff, 0xff, 0xff, 0xff, 0xff, 0xff, 0xfa, 0x12, 0x54, 0xef,
    0x9d, 0x66, 0xfe, 0xc3, 0x0e, 0x59, 0x71, 0xec, 0xf8, 0x41, 0xf0, 0x2e, 0x69, 0x6a, 0xa1, 0x3e,
    0x08, 0x54, 0xf5, 0xbe, 0x7c, 0xde, 0xc8, 0x35, 0x77, 0x5a, 0x75, 0x55, 0x25, 0xd8, 0x02, 0xff,
    0xff, 0xff, 0xff, 0xff, 0xff, 0xff, 0xff, 0xff, 0xff, 0xff, 0xff, 0xff, 0xff, 0xff, 0xff, 0xff,
    0xff, 0xff, 0xff, 0xff, 0xff, 0xff, 0xff, 0xff, 0xff, 0xff, 0xff, 0xff, 0xff, 0xff, 0xff, 0xff,
    0xff, 0xff, 0xff, 0xff, 0xff, 0xff, 0xff, 0xff, 0xff, 0xff, 0xff, 0xff, 0xff, 0xff, 0xff, 0xff,
    0xff, 0xff, 0xff, 0xff, 0xff, 0xff, 0xff, 0xff, 0xff, 0xff, 0xff, 0xff, 0xff, 0xff, 0xff, 0xff,
    0xff, 0xff, 0xff, 0xff, 0xff, 0xff, 0xff, 0xff, 0xff, 0xff, 0xff, 0xff, 0xff, 0xff, 0xff, 0xff,
    0xff, 0xff, 0xff, 0xff, 0xff, 0xff, 0xff, 0xff, 0xff, 0xff, 0xff, 0xff, 0xff, 0xff, 0xff, 0xff,
    0xff, 0xff, 0xff, 0xff, 0xff, 0xff, 0xff, 0xff, 0xff, 0xff, 0xff, 0xff, 0xff, 0xff, 0xff, 0xff,
    0xff, 0xff, 0xff, 0xff, 0xff, 0xff, 0xff, 0xff, 0xff, 0xff, 0xff, 0xff, 0xff, 0xff, 0xff, 0xff,
    0xff, 0xff, 0xff, 0xff, 0xff, 0xff, 0xff, 0xff, 0xff, 0xff, 0xff, 0xff, 0xff, 0xff, 0xff, 0xff,
    0xff, 0xff, 0xff, 0xff, 0xff, 0xff, 0xff, 0xff, 0xff, 0xff, 0xff, 0xff, 0xff, 0xff, 0xff, 0xff,
    0xff, 0xff, 0xff, 0xff, 0xff, 0xff, 0xff, 0xff, 0xff, 0xff, 0xff, 0xff, 0xff, 0xff, 0xff, 0xff,
    0xff, 0xff, 0xff, 0xff, 0xff, 0xff, 0xff, 0xff, 0xff, 0xff, 0xff, 0xff, 0xff, 0xff, 0xff, 0xff,
    0xff, 0xff, 0xff, 0xff, 0xff, 0xff, 0xff, 0xff, 0xff, 0xff, 0xff, 0xff, 0xff, 0xff, 0xff, 0xff,
    0xff, 0xff, 0xff, 0xff, 0xff, 0xff, 0xff, 0xfa, 0x00, 0x00, 0x00, 0x00, 0x00, 0x00, 0x00, 0x00,
    0x00, 0x00, 0x00, 0x00, 0x00, 0x00, 0x00, 0x00, 0x00, 0x00, 0x00, 0x00, 0x00, 0x00, 0x00, 0x00,
    0x00, 0x00, 0x00, 0x00, 0x00, 0x00, 0x00, 0x00, 0x00, 0x02, 0x01, 0x00, 0x00, 0x01, 0x00, 0x00,
    0x02, 0x02, 0x74, 0x53, 0x00, 0x00, 0x2d, 0x00, 0x62, 0xa4, 0xb9, 0x94, 0x3d, 0x8f, 0x3f, 0x75,
    0x37, 0xa0, 0xc7, 0x60, 0x8b, 0x6c, 0x7f, 0x97, 0x45, 0xdc, 0x6b, 0xfd, 0x98, 0x74, 0x56, 0xa4,
    0x6c, 0x4f, 0xa0, 0x46, 0xbc, 0x67, 0x6d, 0x9a, 0xdb, 0x8e, 0x00, 0x00, 0x03, 0x01, 0xff, 0xff,
    0xff, 0xff, 0xff, 0xff, 0xff, 0xff, 0xff, 0xff, 0xff, 0xff, 0xff, 0xff, 0xff, 0xff, 0xff, 0xff,
    0xff, 0xff, 0xff, 0xff, 0xff, 0xff, 0xff, 0xff, 0xff, 0xff, 0xff, 0xff, 0xff, 0xff, 0xff, 0xff,
    0xff, 0xff, 0xff, 0xff, 0xff, 0xff, 0xff, 0xff, 0xff, 0xff, 0xff, 0xff, 0xff, 0xff, 0xff, 0xff,
    0xff, 0xff, 0xff, 0xff, 0xff, 0xff, 0xff, 0xff, 0xff, 0xff, 0xff, 0xff, 0xff, 0xff, 0xff, 0xff,
    0xff, 0xff, 0xff, 0xff, 0xff, 0xff, 0xff, 0xff, 0xff, 0xff, 0xff, 0xff, 0xff, 0xff, 0xff, 0xff,
    0xff, 0xff, 0xff, 0xff, 0xff, 0xff, 0xff, 0xff, 0xff, 0xff, 0xff, 0xff, 0xff, 0xff, 0xff, 0xff,
    0xff, 0xff, 0xff, 0xff, 0xff, 0xff, 0xff, 0xff, 0xff, 0xff, 0xff, 0xff, 0xff, 0xff, 0xff, 0xff,
    0xff, 0xff, 0xff, 0xff, 0xff, 0xff, 0xff, 0xff, 0xff, 0xff, 0xff, 0xff, 0xff, 0xff, 0xff, 0xff,
    0xff, 0xff, 0xff, 0xff, 0xff, 0xff, 0xff, 0xff, 0xff, 0xff, 0xff, 0xff, 0xff, 0xff, 0xff, 0xff,
    0xff, 0xff, 0xff, 0xff, 0xff, 0xff, 0xff, 0xff, 0xff, 0xff, 0xff, 0xff, 0xff, 0xff, 0xff, 0xff,
    0xff, 0xff};